fecha,demanda_total,prioritaria,industria,usinas,exportaciones,iny_tgs,iny_tgn,iny_enarsa,iny_gpm,iny_bolivia,iny_escobar,iny_total,linepack_tgs,var_linepack_tgs,lim_inf_tgs,lim_sup_tgs,linepack_tgn,var_linepack_tgn,lim_inf_tgn,lim_sup_tgn,linepack_total,var_linepack_total,lim_inf_total,lim_sup_total,tramo_final_tgs,tf_lim_inf_tgs,tf_lim_sup_tgs,tramo_final_tgn,tf_lim_inf_tgn,tf_lim_sup_tgn,temp_min_ba,temp_max_ba,temp_prom_ba,temp_min_esquel,temp_max_esquel,temp_prom_esquel,cammesa_gas,cammesa_gasoil,cammesa_fueloil,cammesa_carbon,cammesa_total,estado_tgn,cammesa_gas_est,cammesa_gasoil_est,cammesa_fueloil_est,cammesa_carbon_est
2024-04-20,109.1,30.1,35.1,25.9,8.5,,,,,,,,,,,,,,,,336.0,,,,,,,,,,19.0,27.0,23.0,,,,,,,,,,,,,
2024-04-21,110.9,31.1,34.8,27.8,8.5,,,,,,,,,,,,,,,,344.2,,,,,,,,,,18.0,23.0,20.5,,,,,,,,,,,,,
2024-04-22,125.0,35.9,35.9,37.7,6.5,,,,,,,,,,,,,,,,348.5,,,,,,,,,,17.0,20.0,18.5,,,,,,,,,,,,,
2024-04-23,123.1,35.9,36.1,35.4,6.5,,,,,,,,,,,,,,,,341.9,,,,,,,,,,17.0,22.0,19.5,,,,,,,,,,,,,
2024-04-24,129.5,38.8,36.3,36.1,8.8,,,,,,,,,,,,,,,,337.4,,,,,,,,,,9.0,19.0,14.0,,,,,,,,,,,,,
2024-04-25,120.2,36.6,35.9,29.6,8.5,,,,,,,,,,,,,,,,331.7,,,,,,,,,,14.0,20.0,17.0,,,,,,,,,,,,,
2024-04-26,120.2,38.0,35.1,28.7,8.5,,,,,,,,,,,,,,,,328.4,,,,,,,,,,16.0,21.0,18.5,,,,,,,,,,,,,
2024-04-27,115.6,35.9,36.2,25.0,7.699999999999999,,,,,,,,,,,,,,,,327.7,,,,,,,,,,12.0,18.0,15.0,,,,,,,,,,,,,
2024-04-28,107.4,32.7,36.0,21.2,7.5,,,,,,,,,,,,,,,,331.2,,,,,,,,,,7.0,20.0,13.5,,,,,,,,,,,,,
2024-04-29,122.2,38.2,36.3,30.8,7.800000000000001,,,,,,,,,,,,,,,,338.0,,,,,,,,,,15.0,19.0,17.0,,,,,,,,,,,,,
2024-04-30,130.6,43.3,37.4,31.4,9.2,,,,,,,,,,,,,,,,337.7,,,,,,,,,,17.0,21.0,19.0,,,,,,,,,,,,,
2024-05-01,114.5,42.4,34.7,22.8,6.1000000000000005,,,,,,,,,,,,,,,,339.8,,,,,,,,,,14.0,19.0,16.5,,,,,,,,,,,,,
2024-05-02,137.3,55.1,34.3,32.4,6.2,,,,,,,,,,,,,,,,352.0,,,,,,,,,,9.0,15.0,12.0,,,,,,,,,,,,,
2024-05-03,133.2,54.4,34.8,28.2,6.2,,,,,,,,,,,,,,,,346.8,,,,,,,,,,6.0,16.0,11.0,,,,,,,,,,,,,
2024-05-04,124.2,48.3,35.0,25.7,6.2,,,,,,,,,,,,,,,,341.7,,,,,,,,,,8.0,19.0,13.5,,,,,,,,,,,,,
2024-05-05,118.3,43.3,34.6,26.4,5.7,,,,,,,,,,,,,,,,344.9,,,,,,,,,,16.0,20.0,18.0,,,,,,,,,,,,,
2024-05-06,126.2,44.8,35.5,30.5,6.2,,,,,,,,,,,,,,,,354.7,,,,,,,,,,18.0,20.0,19.0,,,,,,,,,,,,,
2024-05-07,128.1,44.5,34.2,33.8,6.4,,,,,,,,,,,,,,,,358.4,,,,,,,,,,17.0,20.0,18.5,,,,,,,,,,,,,
2024-05-08,135.7,52.7,34.0,33.2,6.4,,,,,,,,,,,,,,,,358.4,,,,,,,,,,12.0,18.0,15.0,,,,,,,,,,,,,
2024-05-09,140.5,55.7,32.7,35.4,6.8,,,,,,,,,,,,,,,,357.2,,,,,,,,,,7.0,16.0,11.5,,,,,,,,,,,,,
2024-05-10,146.5,58.4,33.6,38.4,6.2,,,,,,,,,,,,,,,,354.6,,,,,,,,,,10.0,17.0,13.5,,,,,,,,,,,,,
2024-05-11,137.3,54.9,32.4,34.5,5.7,,,,,,,,,,,,,,,,349.8,,,,,,,,,,9.0,18.0,13.5,,,,,,,,,,,,,
2024-05-12,135.8,55.0,32.0,34.2,5.7,,,,,,,,,,,,,,,,343.2,,,,,,,,,,9.0,14.0,11.5,,,,,,,,,,,,,
2024-05-13,148.3,63.4,33.8,35.4,5.9,,,,,,,,,,,,,,,,331.9,,,,,,,,,,5.0,14.0,9.5,,,,,,,,,,,,,
2024-05-14,142.0,67.6,33.2,25.8,6.0,,,,,,,,,,,,,,,,322.2,,,,,,,,,,5.0,14.0,9.5,,,,,,,,,,,,,
2024-05-15,145.5,71.8,33.1,24.5,6.3,,,,,,,,,,,,,,,,315.1,,,,,,,,,,5.0,16.0,10.5,,,,,,,,,,,,,
2024-05-16,142.5,70.4,33.1,23.0,6.3,,,,,,,,,,,,,,,,311.7,,,,,,,,,,8.0,17.0,12.5,,,,,,,,,,,,,
2024-05-17,140.6,69.2,32.3,22.8,6.2,,,,,,,,,,,,,,,,310.2,,,,,,,,,,7.0,16.0,11.5,,,,,,,,,,,,,
2024-05-18,134.2,64.8,32.2,22.2,6.2,,,,,,,,,,,,,,,,308.2,,,,,,,,,,6.0,14.0,10.0,,,,,,,,,,,,,
2024-05-19,132.8,62.4,32.1,24.2,6.2,,,,,,,,,,,,,,,,311.4,,,,,,,,,,4.0,14.0,9.0,,,,,,,,,,,,,
2024-05-20,141.9,68.3,33.0,25.4,6.4,,,,,,,,,,,,,,,,319.9,,,,,,,,,,6.0,16.0,11.0,,,,,,,,,,,,,
2024-05-21,141.6,67.6,32.7,25.1,6.4,,,,,,,,,,,,,,,,319.0,,,,,,,,,,11.0,16.0,13.5,,,,,,,,,,,,,
2024-05-22,141.9,67.7,33.3,24.7,6.4,,,,,,,,,,,,,,,,318.4,,,,,,,,,,11.0,16.0,13.5,,,,,,,,,,,,,
2024-05-23,138.2,70.3,27.4,24.7,5.5,,,,,,,,,,,,,,,,316.1,,,,,,,,,,11.0,15.0,13.0,,,,,,,,,,,,,
2024-05-24,146.4,75.9,29.8,24.8,5.5,,,,,,,,,,,,,,,,312.0,,,,,,,,,,7.0,12.0,9.5,,,,,,,,,,,,,
2024-05-25,145.0,77.6,26.9,24.7,5.5,,,,,,,,,,,,,,,,309.2,,,,,,,,,,2.0,11.0,6.5,,,,,,,,,,,,,
2024-05-26,141.1,74.9,27.1,24.3,5.5,,,,,,,,,,,,,,,,314.2,,,,,,,,,,4.0,11.0,7.5,,,,,,,,,,,,,
2024-05-27,148.7,80.1,27.9,25.1,5.5,,,,,,,,,,,,,,,,316.7,,,,,,,,,,7.0,13.0,10.0,,,,,,,,,,,,,
2024-05-28,141.4,76.9,25.4,23.4,5.5,,,,,,,,,,,,,,,,314.3,,,,,,,,,,8.0,15.0,11.5,,,,,,,,,,,,,
2024-05-29,142.3,73.7,27.8,25.0,5.5,,,,,,,,,,,,,,,,311.6,,,,,,,,,,11.0,17.0,14.0,,,,,,,,,,,,,
2024-05-30,147.8,73.4,32.3,25.9,5.5,,,,,,,,,,,,,,,,329.8,,,,,,,,,,12.0,17.0,14.5,,,,,,,,,,,,,
2024-05-31,152.4,68.8,32.8,33.9,6.4,,,,,,,,,,,,,,,,335.2,,,,,,,,,,11.0,17.0,14.0,,,,,,,,,,,,,
2024-06-01,137.5,58.8,30.1,31.9,6.7,,,,,,,,,,,,,,,,335.9,,,,,,,,,,13.0,20.0,16.5,,,,,,,,,,,,,
2024-06-02,135.7,61.2,29.9,29.1,6.4,,,,,,,,,,,,,,,,349.3,,,,,,,,,,10.0,13.0,11.5,,,,,,,,,,,,,
2024-06-03,162.1,75.8,31.4,38.5,6.4,,,,,,,,,,,,,,,,348.8,,,,,,,,,,5.0,13.0,9.0,,,,,,,,,,,,,
2024-06-04,157.7,71.3,32.6,36.8,7.1000000000000005,,,,,,,,,,,,,,,,333.2,,,,,,,,,,9.0,14.0,11.5,,,,,,,,,,,,,
2024-06-05,155.2,68.0,32.5,37.8,6.9,,,,,,,,,,,,,,,,320.2,,,,,,,,,,10.0,16.0,13.0,,,,,,,,,,,,,
2024-06-06,137.8,63.2,32.0,25.4,6.9,,,,,,,,,,,,,,,,318.6,,,,,,,,,,13.0,20.0,16.5,,,,,,,,,,,,,
2024-06-07,139.3,57.2,33.6,30.8,7.4,,,,,,,,,,,,,,,,326.1,,,,,,,,,,14.0,20.0,17.0,,,,,,,,,,,,,
2024-06-08,131.3,48.0,31.9,33.1,7.300000000000001,,,,,,,,,,,,,,,,336.0,,,,,,,,,,16.0,23.0,19.5,,,,,,,,,,,,,
2024-06-09,120.8,42.8,31.6,29.4,6.9,,,,,,,,,,,,,,,,348.5,,,,,,,,,,18.0,25.0,21.5,,,,,,,,,,,,,
2024-06-10,145.1,54.9,33.2,40.1,6.9,,,,,,,,,,,,,,,,364.1,,,,,,,,,,14.0,20.0,17.0,,,,,,,,,,,,,
2024-06-11,141.5,52.3,34.2,38.1,6.9,,,,,,,,,,,,,,,,362.4,,,,,,,,,,12.0,17.0,14.5,,,,,,,,,,,,,
2024-06-12,137.5,49.5,34.2,37.2,7.0,,,,,,,,,,,,,,,,354.6,,,,,,,,,,15.0,22.0,18.5,,,,,,,,,,,,,
2024-06-13,126.7,42.4,33.7,35.3,5.6000000000000005,,,,,,,,,,,,,,,,355.1,,,,,,,,,,21.0,27.0,24.0,,,,,,,,,,,,,
2024-06-14,137.1,49.4,34.7,37.2,5.6000000000000005,,,,,,,,,,,,,,,,359.5,,,,,,,,,,16.0,22.0,19.0,,,,,,,,,,,,,
2024-06-15,129.5,46.6,33.6,35.1,5.300000000000001,,,,,,,,,,,,,,,,353.4,,,,,,,,,,11.0,20.0,15.5,,,,,,,,,,,,,
2024-06-16,132.0,48.9,33.4,36.3,5.300000000000001,,,,,,,,,,,,,,,,347.7,,,,,,,,,,12.0,18.0,15.0,,,,,,,,,,,,,
2024-06-17,136.1,51.9,33.1,35.9,5.6000000000000005,,,,,,,,,,,,,,,,343.9,,,,,,,,,,11.0,18.0,14.5,,,,,,,,,,,,,
2024-06-18,148.1,55.7,33.1,43.3,5.9,,,,,,,,,,,,,,,,341.4,,,,,,,,,,15.0,17.0,16.0,,,,,,,,,,,,,
2024-06-19,148.0,58.2,33.2,39.9,6.800000000000001,,,,,,,,,,,,,,,,337.6,,,,,,,,,,13.0,18.0,15.5,,,,,,,,,,,,,
2024-06-20,143.9,58.9,32.6,35.9,6.7,,,,,,,,,,,,,,,,333.4,,,,,,,,,,10.0,15.0,12.5,,,,,,,,,,,,,
2024-06-21,140.8,53.8,32.5,37.8,6.6,,,,,,,,,,,,,,,,326.6,,,,,,,,,,13.0,18.0,15.5,,,,,,,,,,,,,
2024-06-22,135.3,52.8,32.2,34.3,6.3,,,,,,,,,,,,,,,,332.7,,,,,,,,,,16.0,18.0,17.0,,,,,,,,,,,,,
2024-06-23,137.0,56.9,32.0,32.7,6.3,,,,,,,,,,,,,,,,343.0,,,,,,,,,,11.0,16.0,13.5,,,,,,,,,,,,,
2024-06-24,160.5,74.2,33.1,37.1,6.3,,,,,,,,,,,,,,,,344.2,,,,,,,,,,6.0,13.0,9.5,,,,,,,,,,,,,
2024-06-25,149.5,78.4,31.9,22.8,6.4,,,,,,,,,,,,,,,,335.3,,,,,,,,,,5.0,12.0,8.5,,,,,,,,,,,,,
2024-06-26,148.9,77.3,32.7,22.9,6.0,,,,,,,,,,,,,,,,330.1,,,,,,,,,,6.0,14.0,10.0,,,,,,,,,,,,,
2024-06-27,144.6,76.3,32.7,20.7,4.8999999999999995,,,,,,,,,,,,,,,,327.0,,,,,,,,,,8.0,17.0,12.5,,,,,,,,,,,,,
2024-06-28,145.4,80.0,30.0,21.2,4.3,,,,,,,,,,,,,,,,335.2,,,,,,,,,,7.0,12.0,9.5,,,,,,,,,,,,,
2024-06-29,142.3,80.8,27.2,21.4,4.0,,,,,,,,,,,,,,,,342.7,,,,,,,,,,2.0,10.0,6.0,,,,,,,,,,,,,
2024-06-30,136.5,74.8,27.5,21.4,4.3,,,,,,,,,,,,,,,,345.6,,,,,,,,,,2.0,14.0,8.0,,,,,,,,,,,,,
2024-07-01,147.9,83.0,28.7,22.2,4.3,,,,,,,,,,,,,,,,356.2,,,,,,,,,,7.0,17.0,12.0,,,,,,,,,,,,,
2024-07-02,141.4,76.1,29.5,24.9,1.2,,,,,,,,,,,,,,,,364.4,,,,,,,,,,7.0,18.0,12.5,,,,,,,,,,,,,
2024-07-03,144.0,77.7,28.9,26.8,1.0,,,,,,,,,,,,,,,,366.0,,,,,,,,,,7.0,13.0,10.0,,,,,,,,,,,,,
2024-07-04,143.9,77.9,29.9,23.9,2.3,,,,,,,,,,,,,,,,355.2,,,,,,,,,,3.0,13.0,8.0,,,,,,,,,,,,,
2024-07-05,151.9,85.0,29.3,23.8,3.4,,,,,,,,,,,,,,,,350.6,,,,,,,,,,3.0,12.0,7.5,,,,,,,,,,,,,
2024-07-06,149.6,86.6,27.9,21.3,4.4,,,,,,,,,,,,,,,,343.5,,,,,,,,,,0.0,10.0,5.0,,,,,,,,,,,,,
2024-07-07,141.7,79.8,27.6,20.5,4.4,,,,,,,,,,,,,,,,342.4,,,,,,,,,,5.0,11.0,8.0,,,,,,,,,,,,,
2024-07-08,158.2,90.9,28.9,23.2,5.3,,,,,,,,,,,,,,,,349.7,,,,,,,,,,2.0,8.0,5.0,,,,,,,,,,,,,
2024-07-09,150.9,86.8,29.4,21.2,4.1,,,,,,,,,,,,,,,,342.5,,,,,,,,,,,,,,,,,,,,,,,,,
2024-07-10,153.6,87.1,29.9,22.6,4.3,,,,,,,,,,,,,,,,337.1,,,,,,,,,,,,,,,,,,,,,,,,,
2024-07-11,157.5,89.5,30.5,22.1,5.5,,,,,,,,,,,,,,,,325.6,,,,,,,,,,,,,,,,,,,,,,,,,
2024-07-12,152.7,90.0,28.0,19.3,5.0,,,,,,,,,,,,,,,,321.7,,,,,,,,,,1.0,13.0,7.0,,,,,,,,,,,,,
2024-07-13,143.3,84.7,25.1,18.9,5.0,,,,,,,,,,,,,,,,322.4,,,,,,,,,,0.0,14.0,7.0,,,,,,,,,,,,,
2024-07-14,136.5,80.1,25.6,17.0,5.0,,,,,,,,,,,,,,,,327.5,,,,,,,,,,1.0,14.0,7.5,,,,,,,,,,,,,
2024-07-15,144.7,82.8,27.3,20.0,5.0,,,,,,,,,,,,,,,,339.8,,,,,,,,,,5.0,15.0,10.0,,,,,,,,,,,,,
2024-07-16,147.8,78.4,30.2,24.5,5.3,,,,,,,,,,,,,,,,343.7,,,,,,,,,,9.0,16.0,12.5,,,,,,,,,,,,,
2024-07-17,155.3,74.8,32.3,33.3,5.3,,,,,,,,,,,,,,,,346.7,,,,,,,,,,9.0,18.0,13.5,,,,,,,,,,,,,
2024-07-18,148.4,66.7,32.8,33.4,5.7,,,,,,,,,,,,,,,,347.8,,,,,,,,,,11.0,19.0,15.0,,,,,,,,,,,,,
2024-07-19,152.6,72.2,32.5,32.0,6.0,,,,,,,,,,,,,,,,346.7,,,,,,,,,,10.0,14.0,12.0,,,,,,,,,,,,,
2024-07-20,151.0,70.8,33.0,31.9,5.8,,,,,,,,,,,,,,,,334.6,,,,,,,,,,8.0,12.0,10.0,,,,,,,,,,,,,
2024-07-21,140.4,65.0,32.8,28.8,5.3,,,,,,,,,,,,,,,,332.6,,,,,,,,,,11.0,14.0,12.5,,,,,,,,,,,,,
2024-07-22,150.6,70.2,32.8,32.3,6.0,,,,,,,,,,,,,,,,338.6,,,,,,,,,,11.0,17.0,14.0,,,,,,,,,,,,,
2024-07-23,145.3,65.5,32.3,32.3,5.8,,,,,,,,,,,,,,,,340.8,,,,,,,,,,10.0,20.0,15.0,,,,,,,,,,,,,
2024-07-24,135.2,58.0,31.9,29.8,5.8,,,,,,,,,,,,,,,,341.2,,,,,,,,,,12.0,17.0,14.5,,,,,,,,,,,,,
2024-07-25,139.4,60.6,32.5,30.9,5.8,,,,,,,,,,,,,,,,348.7,,,,,,,,,,9.0,19.0,14.0,,,,,,,,,,,,,
2024-07-26,140.2,64.0,30.4,29.7,6.1,,,,,,,,,,,,,,,,355.6,,,,,,,,,,8.0,17.0,12.5,,,,,,,,,,,,,
2024-07-27,132.5,60.6,29.7,26.7,5.3999999999999995,,,,,,,,,,,,,,,,361.6,,,,,,,,,,7.0,21.0,14.0,,,,,,,,,,,,,
2024-07-28,135.8,63.4,29.0,28.8,5.3999999999999995,,,,,,,,,,,,,,,,362.2,,,,,,,,,,6.0,15.0,10.5,,,,,,,,,,,,,
2024-07-29,149.9,77.5,30.4,26.2,5.8,,,,,,,,,,,,,,,,357.0,,,,,,,,,,4.0,12.0,8.0,,,,,,,,,,,,,
2024-07-30,157.3,74.2,29.6,37.8,5.7,,,,,,,,,,,,,,,,348.9,,,,,,,,,,7.0,14.0,10.5,,,,,,,,,,,,,
2024-07-31,147.5,70.5,29.5,32.5,5.8,,,,,,,,,,,,,,,,340.5,,,,,,,,,,9.0,18.0,13.5,,,,,,,,,,,,,
2024-08-02,124.0,48.8,30.1,31.0,4.8,,,,,,,,,,,,,,,,342.9,,,,,,,,,,21.0,28.0,24.5,,,,,,,,,,,,,
2024-08-03,124.9,50.6,29.3,32.3,3.5,,,,,,,,,,,,,,,,358.9,,,,,,,,,,13.0,20.0,16.5,,,,,,,,,,,,,
2024-08-04,121.6,47.6,29.0,33.4,3.3,,,,,,,,,,,,,,,,368.4,,,,,,,,,,8.0,18.0,13.0,,,,,,,,,,,,,
2024-08-05,144.2,63.0,30.3,36.5,5.3,,,,,,,,,,,,,,,,366.2,,,,,,,,,,10.0,16.0,13.0,,,,,,,,,,,,,
2024-08-06,136.5,58.8,30.6,33.0,5.1,,,,,,,,,,,,,,,,357.9,,,,,,,,,,14.0,18.0,16.0,,,,,,,,,,,,,
2024-08-07,152.3,69.1,30.7,38.7,4.6,,,,,,,,,,,,,,,,361.7,,,,,,,,,,9.0,16.0,12.5,,,,,,,,,,,,,
2024-08-08,157.1,74.2,30.0,39.4,4.3,,,,,,,,,,,,,,,,347.6,,,,,,,,,,7.0,9.0,8.0,,,,,,,,,,,,,
2024-08-09,154.0,78.1,29.8,33.6,2.8,,,,,,,,,,,,,,,,334.2,,,,,,,,,,4.0,11.0,7.5,,,,,,,,,,,,,
2024-08-10,142.9,73.3,26.7,29.4,4.3,,,,,,,,,,,,,,,,331.1,,,,,,,,,,3.0,16.0,9.5,,,,,,,,,,,,,
2024-08-11,135.0,68.4,26.4,27.5,4.3,,,,,,,,,,,,,,,,342.8,,,,,,,,,,11.0,16.0,13.5,,,,,,,,,,,,,
2024-08-12,154.8,75.9,28.1,37.4,4.3,,,,,,,,,,,,,,,,357.8,,,,,,,,,,4.0,12.0,8.0,,,,,,,,,,,,,
2024-08-13,149.0,67.0,29.6,38.0,4.8,,,,,,,,,,,,,,,,353.4,,,,,,,,,,7.0,18.0,12.5,,,,,,,,,,,,,
2024-08-14,147.3,66.2,28.7,37.3,5.3,,,,,,,,,,,,,,,,346.4,,,,,,,,,,10.0,20.0,15.0,,,,,,,,,,,,,
2024-08-15,145.5,60.8,32.3,37.9,4.6,,,,,,,,,,,,,,,,349.4,,,,,,,,,,8.0,18.0,13.0,,,,,,,,,,,,,
2024-08-16,145.0,59.6,33.9,37.8,3.5999999999999996,,,,,,,,,,,,,,,,350.4,,,,,,,,,,8.0,15.0,11.5,,,,,,,,,,,,,
2024-08-17,142.9,58.9,33.7,35.3,4.5,,,,,,,,,,,,,,,,341.2,,,,,,,,,,9.0,16.0,12.5,,,,,,,,,,,,,
2024-08-18,140.2,57.4,33.5,35.4,4.3,,,,,,,,,,,,,,,,342.7,,,,,,,,,,10.0,15.0,12.5,,,,,,,,,,,,,
2024-08-19,158.3,70.9,34.9,38.1,4.3,,,,,,,,,,,,,,,,345.3,,,,,,,,,,11.0,14.0,12.5,,,,,,,,,,,,,
2024-08-20,153.8,73.8,34.0,31.4,5.3,,,,,,,,,,,,,,,,336.0,,,,,,,,,,6.0,12.0,9.0,,,,,,,,,,,,,
2024-08-21,151.9,76.4,34.7,25.4,5.3,,,,,,,,,,,,,,,,331.3,,,,,,,,,,9.0,12.0,10.5,,,,,,,,,,,,,
2024-08-22,153.2,81.9,32.3,23.1,5.5,,,,,,,,,,,,,,,,330.0,,,,,,,,,,7.0,11.0,9.0,,,,,,,,,,,,,
2024-08-23,152.3,82.8,32.0,22.6,4.3,,,,,,,,,,,,,,,,325.7,,,,,,,,,,6.0,13.0,9.5,,,,,,,,,,,,,
2024-08-24,144.9,77.6,30.9,22.3,3.8,,,,,,,,,,,,,,,,324.7,,,,,,,,,,3.0,12.0,7.5,,,,,,,,,,,,,
2024-08-25,137.7,73.1,30.8,21.0,3.3,,,,,,,,,,,,,,,,331.2,,,,,,,,,,4.0,13.0,8.5,,,,,,,,,,,,,
2024-08-26,146.1,77.3,32.0,22.2,4.3,,,,,,,,,,,,,,,,342.1,,,,,,,,,,2.0,13.0,7.5,,,,,,,,,,,,,
2024-08-27,143.7,71.3,33.5,25.4,3.8,,,,,,,,,,,,,,,,346.8,,,,,,,,,,5.0,17.0,11.0,,,,,,,,,,,,,
2024-08-28,145.5,65.0,33.9,32.7,4.3,,,,,,,,,,,,,,,,347.9,,,,,,,,,,7.0,18.0,12.5,,,,,,,,,,,,,
2024-08-29,141.9,59.5,33.9,33.8,5.2,,,,,,,,,,,,,,,,350.1,,,,,,,,,,11.0,17.0,14.0,,,,,,,,,,,,,
2024-09-04,136.7,53.2,34.3,34.9,4.8,,,,,,,,,,,,,,,,351.8,,,,,,,,,,9.0,19.0,14.0,,,,,,,,,,,,,
2024-09-05,143.2,56.5,34.7,37.8,4.6,,,,,,,,,,,,,,,,348.8,,,,,,,,,,6.0,16.0,11.0,,,,,,,,,,,,,
2024-09-06,136.1,49.8,33.9,36.8,5.8,,,,,,,,,,,,,,,,343.8,,,,,,,,,,11.0,21.0,16.0,,,,,,,,,,,,,
2024-09-07,129.7,46.3,32.0,36.2,6.3,,,,,,,,,,,,,,,,346.9,,,,,,,,,,10.0,22.0,16.0,,,,,,,,,,,,,
2024-09-08,122.2,41.4,31.9,34.5,6.3,,,,,,,,,,,,,,,,356.8,,,,,,,,,,10.0,21.0,15.5,,,,,,,,,,,,,
2024-09-09,134.5,45.5,33.4,40.2,6.4,,,,,,,,,,,,,,,,365.4,,,,,,,,,,14.0,19.0,16.5,,,,,,,,,,,,,
2024-09-10,134.2,41.6,34.7,41.8,6.9,,,,,,,,,,,,,,,,363.4,,,,,,,,,,13.0,20.0,16.5,,,,,,,,,,,,,
2024-09-11,141.5,45.5,37.6,41.8,7.3,,,,,,,,,,,,,,,,359.9,,,,,,,,,,12.0,17.0,14.5,,,,,,,,,,,,,
2024-09-12,140.3,47.6,36.8,38.8,7.3,,,,,,,,,,,,,,,,356.4,,,,,,,,,,8.0,19.0,13.5,,,,,,,,,,,,,
2024-09-13,137.7,44.3,36.8,40.3,6.3,,,,,,,,,,,,,,,,355.9,,,,,,,,,,10.0,19.0,14.5,,,,,,,,,,,,,
2024-09-14,127.6,41.7,34.8,35.8,5.8,,,,,,,,,,,,,,,,356.6,,,,,,,,,,10.0,18.0,14.0,,,,,,,,,,,,,
2024-09-15,115.7,37.5,34.5,29.7,5.3,,,,,,,,,,,,,,,,350.6,,,,,,,,,,10.0,21.0,15.5,,,,,,,,,,,,,
2024-09-16,134.0,40.0,36.2,43.2,5.1,,,,,,,,,,,,,,,,364.2,,,,,,,,,,14.0,23.0,18.5,,,,,,,,,,,,,
2024-09-17,126.4,36.9,35.8,39.2,4.9,,,,,,,,,,,,,,,,369.6,,,,,,,,,,14.0,25.0,19.5,,,,,,,,,,,,,
2024-09-18,124.4,34.8,36.3,42.2,1.4,,,,,,,,,,,,,,,,373.0,,,,,,,,,,16.0,26.0,21.0,,,,,,,,,,,,,
2024-09-19,121.7,34.9,36.0,36.7,4.3,,,,,,,,,,,,,,,,369.3,,,,,,,,,,18.0,25.0,21.5,,,,,,,,,,,,,
2024-09-20,120.6,34.6,34.5,36.1,5.3,,,,,,,,,,,,,,,,364.0,,,,,,,,,,13.0,25.0,19.0,,,,,,,,,,,,,
2024-09-21,110.4,29.0,34.9,31.9,5.3,,,,,,,,,,,,,,,,363.7,,,,,,,,,,15.0,27.0,21.0,,,,,,,,,,,,,
2024-09-22,111.9,30.0,35.0,33.1,5.3,,,,,,,,,,,,,,,,364.5,,,,,,,,,,18.0,26.0,22.0,,,,,,,,,,,,,
2024-09-23,126.8,34.5,35.6,42.5,4.4,,,,,,,,,,,,,,,,367.2,,,,,,,,,,13.0,21.0,17.0,,,,,,,,,,,,,
2024-09-24,129.5,37.0,35.3,42.2,5.4,,,,,,,,,,,,,,,,359.5,,,,,,,,,,14.0,20.0,17.0,,,,,,,,,,,,,
2024-09-25,130.8,38.1,36.1,41.6,5.4,,,,,,,,,,,,,,,,356.6,,,,,,,,,,14.0,21.0,17.5,,,,,,,,,,,,,
2024-09-26,130.3,36.8,36.5,40.8,6.3,,,,,,,,,,,,,,,,353.3,,,,,,,,,,11.0,20.0,15.5,,,,,,,,,,,,,
2024-09-27,125.2,35.7,36.0,36.8,6.6,,,,,,,,,,,,,,,,349.5,,,,,,,,,,9.0,21.0,15.0,,,,,,,,,,,,,
2024-09-28,115.2,30.1,36.0,32.1,6.4,,,,,,,,,,,,,,,,352.4,,,,,,,,,,14.0,25.0,19.5,,,,,,,,,,,,,
2024-09-29,115.0,26.9,35.8,36.8,5.7,,,,,,,,,,,,,,,,360.3,,,,,,,,,,17.0,28.0,22.5,,,,,,,,,,,,,
2024-09-30,130.3,31.2,37.0,45.7,6.5,,,,,,,,,,,,,,,,368.1,,,,,,,,,,19.0,29.0,24.0,,,,,,,,,,,,,
2024-10-01,133.1,33.2,37.0,45.1,7.9,,,,,,,,,,,,,,,,362.7,,,,,,,,,,15.0,22.0,18.5,,,,,,,,,,,,,
2024-10-02,135.8,35.9,37.3,45.2,8.0,,,,,,,,,,,,,,,,358.7,,,,,,,,,,13.0,21.0,17.0,,,,,,,,,,,,,
2024-10-03,131.2,34.6,37.3,42.7,6.8,,,,,,,,,,,,,,,,350.4,,,,,,,,,,8.0,21.0,14.5,,,,,,,,,,,,,
2024-10-04,121.6,32.1,37.4,35.3,6.699999999999999,,,,,,,,,,,,,,,,346.0,,,,,,,,,,12.0,23.0,17.5,,,,,,,,,,,,,
2024-10-05,123.0,29.4,36.0,41.0,7.699999999999999,,,,,,,,,,,,,,,,341.7,,,,,,,,,,16.0,25.0,20.5,,,,,,,,,,,,,
2024-10-06,111.2,26.6,35.9,33.1,7.4,,,,,,,,,,,,,,,,339.0,,,,,,,,,,15.0,21.0,18.0,,,,,,,,,,,,,
2024-10-07,119.8,29.8,37.1,36.1,7.9,,,,,,,,,,,,,,,,346.5,,,,,,,,,,16.0,19.0,17.5,,,,,,,,,,,,,
2024-10-08,121.6,29.9,37.8,36.4,7.5,,,,,,,,,,,,,,,,347.1,,,,,,,,,,15.0,22.0,18.5,,,,,,,,,,,,,
2024-10-09,121.0,29.4,38.9,35.6,7.9,,,,,,,,,,,,,,,,342.4,,,,,,,,,,13.0,21.0,17.0,,,,,,,,,,,,,
2024-10-10,121.4,30.8,38.7,34.8,7.5,,,,,,,,,,,,,,,,342.2,,,,,,,,,,15.0,22.0,18.5,,,,,,,,,,,,,
2024-10-11,107.6,26.3,37.3,27.9,6.4,,,,,,,,,,,,,,,,350.1,,,,,,,,,,15.0,28.0,21.5,,,,,,,,,,,,,
2024-10-12,108.6,28.7,36.5,27.9,6.4,,,,,,,,,,,,,,,,361.4,,,,,,,,,,13.0,22.0,17.5,,,,,,,,,,,,,
2024-10-13,105.4,25.5,36.3,28.8,6.4,,,,,,,,,,,,,,,,365.1,,,,,,,,,,13.0,22.0,17.5,,,,,,,,,,,,,
2024-10-14,118.6,28.5,37.8,36.2,6.9,,,,,,,,,,,,,,,,364.7,,,,,,,,,,16.0,21.0,18.5,,,,,,,,,,,,,
2024-10-15,113.4,24.4,38.5,35.4,5.9,,,,,,,,,,,,,,,,366.1,,,,,,,,,,16.0,26.0,21.0,,,,,,,,,,,,,
2024-10-16,115.8,24.0,38.7,36.7,6.9,,,,,,,,,,,,,,,,367.6,,,,,,,,,,16.0,24.0,20.0,,,,,,,,,,,,,
2024-10-17,116.4,25.4,38.5,35.5,7.6,,,,,,,,,,,,,,,,363.0,,,,,,,,,,16.0,25.0,20.5,,,,,,,,,,,,,
2024-10-18,116.5,21.9,38.0,40.3,6.800000000000001,,,,,,,,,,,,,,,,357.8,,,,,,,,,,16.0,26.0,21.0,,,,,,,,,,,,,
2024-10-19,103.8,17.8,37.6,33.1,6.6,,,,,,,,,,,,,,,,353.4,,,,,,,,,,17.0,29.0,23.0,,,,,,,,,,,,,
2024-10-20,99.6,16.0,37.0,32.1,6.6,,,,,,,,,,,,,,,,354.3,,,,,,,,,,18.0,29.0,23.5,,,,,,,,,,,,,
2024-10-21,113.1,19.6,39.0,38.6,6.6,,,,,,,,,,,,,,,,361.0,,,,,,,,,,21.0,33.0,27.0,,,,,,,,,,,,,
2024-10-22,120.2,20.5,39.3,45.4,5.6,,,,,,,,,,,,,,,,350.8,,,,,,,,,,20.0,27.0,23.5,,,,,,,,,,,,,
2024-10-23,119.0,21.0,38.9,43.6,6.300000000000001,,,,,,,,,,,,,,,,341.2,,,,,,,,,,19.0,25.0,22.0,,,,,,,,,,,,,
2024-10-24,115.4,24.0,36.7,39.4,6.0,,,,,,,,,,,,,,,,340.0,,,,,,,,,,17.0,20.0,18.5,,,,,,,,,,,,,
2024-10-25,113.9,25.9,38.3,34.9,5.1,,,,,,,,,,,,,,,,341.5,,,,,,,,,,13.0,20.0,16.5,,,,,,,,,,,,,
2024-10-26,104.1,20.1,38.4,32.1,5.300000000000001,,,,,,,,,,,,,,,,342.0,,,,,,,,,,8.0,24.0,16.0,,,,,,,,,,,,,
2024-10-27,95.6,17.3,38.1,27.2,5.6,,,,,,,106.2,,,,,,,,,344.8,,,,,,,,,,11.0,25.0,18.0,,,,,,,,,,,,,
2024-10-28,116.4,18.6,39.8,43.1,6.0,,,,,,,107.9,,,,,,,,,355.1,,,,,,,,,,17.0,27.0,22.0,,,,,,,,,,,,,
2024-10-29,115.7,17.2,39.2,44.2,6.1,,,,,,,110.5,,,,,,,,,350.9,,,,,,,,,,20.0,32.0,26.0,,,,,,,,,,,,,
2024-10-30,117.1,17.4,38.5,44.9,7.3,,,,,,,114.3,,,,,,,,,343.9,,,,,,,,,,21.0,31.0,26.0,,,,,,,,,,,,,
2024-10-31,116.6,17.5,37.6,45.4,7.1,,,,,,,110.9,,,,,,,,,340.9,,,,,,,,,,20.0,28.0,24.0,,,,,,,,,,,,,
2024-11-01,118.6,16.5,38.3,47.0,7.0,,,,,,,105.8,,,,,,,,,346.8,,,,,,,,,,22.0,31.0,26.5,,,,,,,,,,,,,
2024-11-02,104.9,18.6,37.1,33.6,7.0,,,,,,,105.6,,,,,,,,,344.5,,,,,,,,,,21.0,24.0,22.5,,,,,,,,,,,,,
2024-11-03,98.2,17.3,37.1,29.1,7.0,,,,,,,105.6,,,,,,,,,351.8,,,,,,,,,,14.0,24.0,19.0,,,,,,,,,,,,,
2024-11-04,111.2,22.4,38.5,34.9,7.0,,,,,,,105.8,,,,,,,,,362.5,,,,,,,,,,20.0,24.0,22.0,,,,,,,,,,,,,
2024-11-05,104.6,19.6,38.2,34.0,3.5999999999999996,,,,,,,107.2,,,,,,,,,358.6,,,,,,,,,,13.0,21.0,17.0,,,,,,,,,,,,,
2024-11-06,108.3,22.7,36.4,36.1,4.1,,,,,,,104.7,,,,,,,,,359.4,,,,,,,,,,15.0,26.0,20.5,,,,,,,,,,,,,
2024-11-07,110.4,22.2,37.3,36.9,4.3,,,,,,,101.1,,,,,,,,,352.0,,,,,,,,,,18.0,23.0,20.5,,,,,,,,,,,,,
2024-11-08,115.1,21.0,37.8,40.9,5.4,76.7,29.0,,,,,105.7,,,,,,,,,347.7,,,,,,,,,,13.0,25.0,19.0,,,,,,,,,,,,,
2024-11-09,104.6,17.3,36.2,36.3,5.1,82.2,28.6,,,,,110.8,,,,,,,,,339.0,,,,,,,,,,17.0,28.0,22.5,,,,,,,,,,,,,
2024-11-10,104.8,17.0,35.9,38.0,5.1,,,,,,,109.8,,,,,,,,,340.3,,,,,,,,,,19.0,30.0,24.5,,,,,,,,,,,,,
2024-11-11,113.1,23.3,37.2,37.7,5.3,,,,,,,106.7,,,,,,,,,344.4,,,,,,,,,,14.0,24.0,19.0,,,,,,,,,,,,,
2024-11-12,110.4,21.2,37.1,36.0,5.0,,,,,,,,,,,,,,,,341.7,,,,,,,,,,11.0,27.0,19.0,,,,,,,,,,,,,
2024-11-13,110.4,21.4,36.7,37.7,5.0,,,,,,,,,,,,,,,,340.9,,,,,,,,,,14.0,28.0,21.0,,,,,,,,,,,,,
2024-11-14,106.2,18.6,35.6,37.1,4.800000000000001,,,,,,,111.5,,,,,,,,,334.5,,,,,,,,,,18.0,30.0,24.0,,,,,,,,,,,,,
2024-11-15,108.8,19.7,35.1,39.2,4.6,,,,,,,107.4,,,,,,,,,342.2,,,,,,,,,,20.0,32.0,26.0,,,,,,,,,,,,,
2024-11-16,103.7,16.8,34.9,37.5,4.800000000000001,,,,,,,107.4,,,,,,,,,341.5,,,,,,,,,,23.0,34.0,28.5,,,,,,,,,,,,,
2024-11-17,101.2,17.9,35.0,34.6,4.800000000000001,,,,,,,102.8,,,,,,,,,345.3,,,,,,,,,,15.0,21.0,18.0,,,,,,,,,,,,,
2024-11-18,103.7,20.9,35.8,32.8,4.800000000000001,,,,,,,100.9,,,,,,,,,350.1,,,,,,,,,,12.0,23.0,17.5,,,,,,,,,,,,,
2024-11-19,113.2,22.2,36.3,40.2,4.800000000000001,,,,,,,103.4,,,,,,,,,346.6,,,,,,,,,,16.0,23.0,19.5,,,,,,,,,,,,,
2024-11-20,109.9,19.2,37.2,38.3,5.7,,,,,,,107.1,,,,,,,,,337.4,,,,,,,,,,18.0,25.0,21.5,,,,,,,,,,,,,
2024-11-21,111.7,18.8,36.2,41.8,5.1,,,,,,,108.5,,,,,,,,,332.5,,,,,,,,,,18.0,25.0,21.5,,,,,,,,,,,,,
2024-11-22,109.8,16.7,36.8,41.7,4.6,,,,,,,107.9,,,,,,,,,327.6,,,,,,,,,,18.0,27.0,22.5,,,,,,,,,,,,,
2024-11-23,104.3,15.4,35.0,40.1,4.1,,,,,,,109.1,,,,,,,,,325.3,,,,,,,,,,20.0,28.0,24.0,,,,,,,,,,,,,
2024-11-24,105.1,14.2,34.7,43.4,4.0,,,,,,,107.8,,,,,,,,,330.3,,,,,,,,,,21.0,32.0,26.5,,,,,,,,,,,,,
2024-11-25,112.5,18.2,34.9,45.3,4.5,,,,,,,112.2,,,,,,,,,333.8,,,,,,,,,,22.0,27.0,24.5,,,,,,,,,,,,,
2024-11-26,117.5,19.3,36.6,47.6,4.300000000000001,,,,,,,108.7,,,,,,,,,338.1,,,,,,,,,,21.0,27.0,24.0,,,,,,,,,,,,,
2024-11-27,115.9,19.1,35.9,44.6,6.7,,,,,,,113.3,,,,,,,,,338.8,,,,,,,,,,21.0,25.0,23.0,,,,,,,,,,,,,
2024-11-28,116.2,21.9,36.6,41.2,6.6,,,,,,,113.7,,,,,,,,,334.9,,,,,,,,,,17.0,26.0,21.5,,,,,,,,,,,,,
2024-11-29,113.6,20.1,36.0,41.5,5.699999999999999,,,,,,,113.6,,,,,,,,,334.4,,,,,,,,,,16.0,27.0,21.5,,,,,,,,,,,,,
2024-11-30,100.5,15.9,35.2,34.9,4.8,,,,,,,113.3,,,,,,,,,336.5,,,,,,,,,,17.0,26.0,21.5,,,,,,,,,,,,,
2024-12-01,93.4,16.8,34.9,28.1,4.8,,,,,,,107.8,,,,,,,,,345.3,,,,,,,,,,18.0,21.0,19.5,,,,,,,,,,,,,
2024-12-02,108.5,22.1,36.2,35.3,5.3,,,,,,,107.6,,,,,,,,,353.1,,,,,,,,,,13.0,23.0,18.0,,,,,,,,,,,,,
2024-12-03,104.1,19.8,36.6,33.0,5.4,,,,,,,109.3,,,,,,,,,350.5,,,,,,,,,,10.0,24.0,17.0,,,,,,,,,,,,,
2024-12-04,104.5,20.1,36.5,32.1,5.4,,,,,,,102.6,,,,,,,,,351.9,,,,,,,,,,16.0,27.0,21.5,,,,,,,,,,,,,
2024-12-05,108.0,20.5,36.2,35.8,5.4,,,,,,,108.8,,,,,,,,,344.3,,,,,,,,,,19.0,32.0,25.5,,,,,,,,,,,,,
2024-12-06,105.3,20.0,36.6,32.6,5.8,,,,,,,106.2,,,,,,,,,336.9,,,,,,,,,,16.0,29.0,22.5,,,,,,,,,,,,,
2024-12-07,98.7,19.4,35.9,27.4,5.2,,,,,,,105.6,,,,,,,,,331.5,,,,,,,,,,15.0,23.0,19.0,,,,,,,,,,,,,
2024-12-08,89.0,17.5,35.4,22.2,5.0,,,,,,,101.7,,,,,,,,,337.8,,,,,,,,,,11.0,23.0,17.0,,,,,,,,,,,,,
2024-12-09,101.5,19.9,36.8,30.1,4.9,,,,,,,103.1,,,,,,,,,350.9,,,,,,,,,,14.0,26.0,20.0,,,,,,,,,,,,,
2024-12-10,103.5,18.2,36.6,34.2,4.8,,,,,,,100.5,,,,,,,,,350.7,,,,,,,,,,17.0,30.0,23.5,,,,,,,,,,,,,
2024-12-11,108.3,17.5,37.1,39.1,5.1,,,,,,,102.0,,,,,,,,,344.3,,,,,,,,,,19.0,30.0,24.5,,,,,,,,,,,,,
2024-12-12,115.2,15.8,35.7,47.4,6.5,,,,,,,,,,,,,,,,335.3,,,,,,,,,,21.0,32.0,26.5,,,,,,,,,,,,,
2024-12-13,110.0,17.1,35.6,41.5,5.8,,,,,,,,,,,,,,,,326.6,,,,,,,,,,20.0,27.0,23.5,,,,,,,,,,,,,
2024-12-14,102.6,16.5,35.0,36.3,4.9,,,,,,,,,,,,,,,,327.4,,,,,,,,,,19.0,28.0,23.5,,,,,,,,,,,,,
2024-12-15,96.7,15.7,34.6,32.6,4.9,,,,,,,,,,,,,,,,332.0,,,,,,,,,,18.0,26.0,22.0,,,,,,,,,,,,,
2024-12-16,111.9,19.5,35.9,41.8,5.1,,,,,,,,,,,,,,,,346.1,,,,,,,,,,15.0,28.0,21.5,,,,,,,,,,,,,
2024-12-17,108.9,19.0,35.5,38.7,6.1,,,,,,,,,,,,,,,,342.7,,,,,,,,,,19.0,28.0,23.5,,,,,,,,,,,,,
2024-12-18,108.3,16.1,35.4,42.0,5.2,,,,,,,,,,,,,,,,344.8,,,,,,,,,,21.0,29.0,25.0,,,,,,,,,,,,,
2024-12-19,110.7,16.7,35.6,43.0,5.7,,,,,,,109.2,,,,,,,,,344.9,,,,,,,,,,20.0,28.0,24.0,,,,,,,,,,,,,
2024-12-20,109.9,18.2,34.9,41.0,5.4,,,,,,,111.4,,,,,,,,,343.3,,,,,,,,,,21.0,31.0,26.0,,,,,,,,,,,,,
2024-12-21,102.3,19.3,33.9,34.3,5.1,,,,,,,107.7,,,,,,,,,337.4,,,,,,,,,,16.0,24.0,20.0,,,,,,,,,,,,,
2024-12-22,92.8,16.5,33.1,30.1,4.4,,,,,,,,,,,,,,,,345.4,,,,,,,,,,16.0,29.0,22.5,,,,,,,,,,,,,
2024-12-23,103.9,19.3,33.6,36.3,5.1,,,,,,,101.5,,,,,,,,,351.4,,,,,,,,,,19.0,32.0,25.5,,,,,,,,,,,,,
2024-12-24,92.6,16.0,33.2,29.2,4.6,,,,,,,,,,,,,,,,348.8,,,,,,,,,,19.0,28.0,23.5,,,,,,,,,,,,,
2024-12-25,84.4,15.8,32.3,22.4,4.6,,,,,,,,,,,,,,,,356.9,,,,,,,,,,16.0,25.0,20.5,,,,,,,,,,,,,
2024-12-26,99.3,17.8,34.3,31.6,5.800000000000001,,,,,,,,,,,,,,,,361.3,,,,,,,,,,15.0,25.0,20.0,,,,,,,,,,,,,
2024-12-27,99.2,15.5,33.7,34.0,6.2,,,,,,,,,,,,,,,,355.9,,,,,,,,,,16.0,28.0,22.0,,,,,,,,,,,,,
2024-12-28,96.6,14.4,32.3,35.1,5.4,,,,,,,,,,,,,,,,353.6,,,,,,,,,,18.0,29.0,23.5,,,,,,,,,,,,,
2024-12-29,94.3,13.2,31.8,35.9,5.1,,,,,,,,,,,,,,,,349.9,,,,,,,,,,18.0,27.0,22.5,,,,,,,,,,,,,
2024-12-30,101.7,14.8,32.7,39.8,5.1,,,,,,,,,,,,,,,,345.1,,,,,,,,,,20.0,28.0,24.0,,,,,,,,,,,,,
2024-12-31,99.9,15.1,31.7,38.0,5.9,,,,,,,101.3,,,,,,,,,339.6,,,,,,,,,,21.0,31.0,26.0,,,,,,,,,,,,,
2025-01-01,95.7,12.9,30.7,38.5,4.9,74.7,27.5,,,,,102.2,,,,,,,,,340.9,,,,,,,,,,22.0,31.0,26.5,,,,,,,,,,,,,
2025-01-02,113.2,15.2,32.9,48.6,6.9,81.1,30.4,,,,,111.5,,,,,,,,,349.0,,,,,,,,,,19.0,32.0,25.5,,,,,,,,,,,,,
2025-01-03,109.7,13.2,32.6,48.6,5.300000000000001,81.5,31.3,,,,,112.8,,,,,,,,,349.7,,,,,,,,,,16.0,29.0,22.5,,,,,,,,,,,,,
2025-01-04,104.0,11.5,33.0,44.6,5.1,77.7,30.9,,,,,108.6,,,,,,,,,350.8,,,,,,,,,,17.0,28.0,22.5,,,,,,,,,,,,,
2025-01-05,98.7,10.3,32.0,42.7,5.1,77.4,32.0,,,,,109.4,,,,,,,,,350.5,,,,,,,,,,18.0,28.0,23.0,,,,,,,,,,,,,
2025-01-06,110.3,12.4,33.6,49.2,5.6,78.1,32.6,,,,,110.7,,,,,,,,,356.9,,,,,,,,,,19.0,28.0,23.5,,,,,,,,,,,,,
2025-01-07,114.6,12.6,34.7,50.9,6.4,77.6,33.7,,,,,111.3,,,,,,,,,352.8,,,,,,,,,,20.0,30.0,25.0,,,,,,,,,,,,,
2025-01-08,113.7,12.4,34.7,50.0,8.1,78.8,33.9,,,,,112.7,,,,,,,,,346.0,,,,,,,,,,21.0,30.0,25.5,,,,,,,,,,,,,
2025-01-09,116.3,12.7,36.4,49.7,8.1,79.6,34.3,,,,,113.9,,,,,,,,,344.3,,,,,,,,,,22.0,32.0,27.0,,,,,,,,,,,,,
2025-01-10,117.1,13.3,35.6,50.1,8.1,,,,,,,116.2,,,,,,,,,344.9,,,,,,,,,,23.0,31.0,27.0,,,,,,,,,,,,,
2025-01-11,113.1,12.1,35.7,49.6,6.1,,,,,,,112.6,,,,,,,,,345.7,,,,,,,,,,21.0,29.0,25.0,,,,,,,,,,,,,
2025-01-12,107.8,11.3,34.7,47.3,6.1,,,,,,,109.7,,,,,,,,,347.3,,,,,,,,,,21.0,30.0,25.5,,,,,,,,,,,,,
2025-01-13,120.8,12.6,36.5,54.3,8.1,,,,,,,116.3,,,,,,,,,346.7,,,,,,,,,,23.0,32.0,27.5,,,,,,,,,,,,,
2025-01-14,121.6,15.0,33.8,56.6,7.1,,,,,,,120.3,,,,,,,,,345.9,,,,,,,,,,23.0,32.0,27.5,,,,,,,,,,,,,
2025-01-15,125.6,13.0,36.0,59.5,8.1,,,,,,,118.4,,,,,,,,,343.5,,,,,,,,,,24.0,34.0,29.0,,,,,,,,,,,,,
2025-01-16,127.8,13.7,35.4,61.3,8.1,,,,,,,,,,,,,,,,339.3,,,,,,,,,,25.0,36.0,30.5,,,,,,,,,,,,,
2025-01-17,131.1,13.8,36.2,63.0,8.5,,,,,,,,,,,,,,,,333.3,,,,,,,,,,24.0,32.0,28.0,,,,,,,,,,,,,
2025-01-18,114.9,12.0,35.4,50.3,7.4,,,,,,,,,,,,,,,,328.9,,,,,,,,,,22.0,28.0,25.0,,,,,,,,,,,,,
2025-01-19,110.3,11.7,34.9,47.9,7.4,,,,,,,,,,,,,,,,333.7,,,,,,,,,,22.0,26.0,24.0,,,,,,,,,,,,,
2025-01-20,116.6,14.2,35.9,48.8,8.1,,,,,,,,,,,,,,,,348.6,,,,,,,,,,19.0,27.0,23.0,,,,,,,,,,,,,
2025-01-21,116.6,16.8,35.0,46.8,8.5,,,,,,,,,,,,,,,,354.1,,,,,,,,,,20.0,29.0,24.5,,,,,,,,,,,,,
2025-01-22,127.1,16.0,35.9,57.1,8.7,,,,,,,,,,,,,,,,357.8,,,,,,,,,,23.0,32.0,27.5,,,,,,,,,,,,,
2025-01-23,129.4,14.5,36.1,59.4,9.8,87.9,35.6,,,,,123.5,,,,,,,,,350.5,,,,,,,,,,23.0,36.0,29.5,,,,,,,,,,,,,
2025-01-24,126.2,14.0,36.1,57.0,9.2,82.0,34.3,,,,,116.3,,,,,,,,,343.5,,,,,,,,,,25.0,33.0,29.0,,,,,,,,,,,,,
2025-01-25,119.7,12.2,35.0,53.7,9.3,88.1,35.7,,,,,123.8,,,,,,,,,334.1,,,,,,,,,,21.0,31.0,26.0,,,,,,,,,,,,,
2025-01-26,107.9,11.2,34.3,45.4,8.4,88.4,36.5,,,,,124.9,,,,,,,,,336.9,,,,,,,,,,20.0,31.0,25.5,,,,,,,,,,,,,
2025-01-27,122.1,15.6,35.6,53.1,8.3,88.1,34.1,,,,,122.2,,,,,,,,,350.7,,,,,,,,,,22.0,31.0,26.5,,,,,,,,,,,,,
2025-01-28,126.5,14.2,36.1,57.6,9.3,90.1,34.5,,,,,124.6,,,,,,,,,345.0,,,,,,,,,,22.0,30.0,26.0,,,,,,,,,,,,,
2025-01-29,128.0,16.0,36.0,57.1,9.5,87.8,36.0,,,,,123.8,,,,,,,,,342.6,,,,,,,,,,21.0,30.0,25.5,,,,,,,,,,,,,
2025-01-30,,,,,,86.8,35.6,,,,,122.4,,,,,,,,,,,,,,,,,,,,,,,,,,,,,,,,,,
2025-01-31,124.7,13.3,35.6,56.0,9.5,89.1,33.5,,,,,122.6,,,,,,,,,340.9,,,,,,,,,,23.0,32.0,27.5,,,,,,,,,,,,,
2025-02-01,117.3,12.3,34.6,51.6,8.899999999999999,89.9,34.8,,,,,124.7,,,,,,,,,336.5,,,,,,,,,,23.0,33.0,28.0,,,,,,,,,,,,,
2025-02-02,115.5,11.4,33.8,52.5,8.8,82.8,35.1,,,,,117.9,,,,,,,,,342.2,,,,,,,,,,25.0,35.0,30.0,,,,,,,,,,,,,
2025-02-03,136.5,14.5,35.2,68.5,8.8,88.4,35.1,,,,,123.5,,,,,,,,,343.4,,,,,,,,,,26.0,38.0,32.0,,,,,,,,,,,,,
2025-02-04,130.9,14.9,34.8,62.4,9.2,88.1,35.0,,,,,123.1,,,,,,,,,334.9,,,,,,,,,,26.0,31.0,28.5,,,,,,,,,,,,,
2025-02-05,121.1,14.7,35.3,52.6,9.1,86.7,37.0,,,,,123.7,,,,,,,,,332.0,,,,,,,,,,23.0,25.0,24.0,,,,,,,,,,,,,
2025-02-06,119.2,16.2,32.9,51.4,9.1,88.6,37.1,,,,,125.7,,,,,,,,,326.0,,,,,,,,,,18.0,29.0,23.5,,,,,,,,,,,,,
2025-02-07,121.1,15.6,34.8,51.5,9.2,87.5,36.0,,,,,123.5,,,,,,,,,326.9,,,,,,,,,,21.0,31.0,26.0,,,,,,,,,,,,,
2025-02-08,116.3,14.4,33.6,50.3,8.2,88.9,35.9,,,,,124.8,,,,,,,,,324.3,,,,,,,,,,24.0,35.0,29.5,,,,,,,,,,,,,
2025-02-09,116.4,13.6,33.2,53.1,7.6,88.0,36.2,,,,,124.2,,,,,,,,,329.1,,,,,,,,,,21.0,29.0,25.0,,,,,,,,,,,,,
2025-02-10,133.4,15.6,35.8,62.8,9.4,,,,,,,,,,,,,,,,336.8,,,,,,,,,,24.0,38.0,31.0,,,,,,,,,,,,,
2025-02-11,133.4,18.0,35.6,60.6,10.0,,,,,,,,,,,,,,,,331.9,,,,,,,,,,16.0,26.0,21.0,,,,,,,,,,,,,
2025-02-12,124.5,17.9,35.6,51.4,10.2,,,,,,,,,,,,,,,,326.9,,,,,,,,,,20.0,26.0,23.0,,,,,,,,,,,,,
2025-02-13,124.9,18.3,34.4,53.0,9.5,,,,,,,,,,,,,,,,327.8,,,,,,,,,,20.0,28.0,24.0,,,,,,,,,,,,,
2025-02-14,123.9,17.3,35.6,51.7,9.3,,,,,,,,,,,,,,,,327.6,,,,,,,,,,22.0,28.0,25.0,,,,,,,,,,,,,
2025-02-15,122.3,15.0,35.3,53.2,9.1,91.5,35.5,,,,,127.0,,,,,,,,,326.8,,,,,,,,,,21.0,26.0,23.5,,,,,,,,,,,,,
2025-02-16,109.6,14.1,34.9,43.7,8.1,89.0,36.9,,,,,125.9,,,,,,,,,336.1,,,,,,,,,,22.0,31.0,26.5,,,,,,,,,,,,,
2025-02-17,123.8,17.1,34.4,54.5,8.1,,,,,,,124.2,,,,,,,,,350.7,,,,,,,,,,20.0,30.0,25.0,,,,,,,,,,,,,
2025-02-18,112.1,18.0,33.4,47.2,4.7,,,,,,,114.2,,,,,,,,,352.5,,,,,,,,,,12.0,23.0,17.5,,,,,,,,,,,,,
2025-02-19,118.2,16.7,34.4,47.4,10.2,,,,,,,119.5,,,,,,,,,356.1,,,,,,,,,,15.0,29.0,22.0,,,,,,,,,,,,,
2025-02-20,118.8,16.7,34.8,47.4,10.2,,,,,,,121.0,,,,,,,,,353.6,,,,,,,,,,21.0,32.0,26.5,,,,,,,,,,,,,
2025-02-21,128.4,16.4,35.2,59.9,7.0,90.8,29.1,,,,,119.9,,,,,,,,,344.7,,,,,,,,,,26.0,34.0,30.0,,,,,,,,,,,,,
2025-02-22,124.1,13.9,34.1,57.1,9.5,,,,,,,126.6,,,,,,,,,334.0,,,,,,,,,,24.0,33.0,28.5,,,,,,,,,,,,,
2025-02-23,121.6,13.4,33.6,56.5,9.5,,,,,,,126.6,,,,,,,,,337.3,,,,,,,,,,25.0,34.0,29.5,,,,,,,,,,,,,
2025-02-24,137.6,17.0,35.0,66.8,9.5,91.4,37.7,,,,,129.1,,,,,,,,,340.1,,,,,,,,,,26.0,30.0,28.0,,,,,,,,,,,,,
2025-02-25,132.4,16.8,35.6,60.6,10.0,,,,,,,,,,,,,,,,337.4,,,,,,,,,,22.0,28.0,25.0,,,,,,,,,,,,,
2025-02-26,128.5,18.9,35.4,54.8,10.1,,,,,,,,,,,,,,,,337.6,,,,,,,,,,21.0,26.0,23.5,,,,,,,,,,,,,
2025-02-27,126.9,18.0,35.4,57.2,6.5,,,,,,,,,,,,,,,,334.4,,,,,,,,,,22.0,26.0,24.0,,,,,,,,,,,,,
2025-02-28,128.7,17.4,34.3,56.9,10.0,,,,,,,,,,,,,,,,329.3,,,,,,,,,,24.0,28.0,26.0,,,,,,,,,,,,,
2025-03-01,123.9,14.6,33.4,55.3,11.0,,,,,,,,,,,,,,,,323.2,,,,,,,,,,23.0,29.0,26.0,,,,,,,,,,,,,
2025-03-02,,,,,,87.9,36.7,,,,,124.6,,,,,,,,,,,,,,,,,,,,,,,,,,,,,,,,,,
2025-03-03,115.4,14.9,34.8,46.3,10.0,85.6,37.0,,,,,122.6,,,,,,,,,339.0,,,,,,,,,,22.0,27.0,24.5,,,,,,,,,,,,,
2025-03-04,114.2,14.1,35.1,45.9,9.5,82.8,35.7,,,,,118.5,,,,,,,,,344.0,,,,,,,,,,21.0,30.0,25.5,,,,,,,,,,,,,
2025-03-05,135.8,16.0,35.8,64.9,9.5,85.9,37.5,,,,,123.4,,,,,,,,,341.9,,,,,,,,,,25.0,33.0,29.0,,,,,,,,,,,,,
2025-03-06,137.8,17.3,35.0,66.4,9.5,88.4,37.6,,,,,126.0,,,,,,,,,331.8,,,,,,,,,,25.0,35.0,30.0,,,,,,,,,,,,,
2025-03-07,135.3,17.5,35.2,66.4,6.0,78.0,34.1,,,,,112.1,,,,,,,,,321.9,,,,,,,,,,27.0,35.0,31.0,,,,,,,,,,,,,
2025-03-08,112.0,19.0,31.7,44.6,7.0,76.1,35.7,,,,,111.8,,,,,,,,,333.3,,,,,,,,,,19.0,24.0,21.5,,,,,,,,,,,,,
2025-03-09,103.4,19.8,33.7,31.1,10.0,80.2,36.3,,,,,116.5,,,,,,,,,351.0,,,,,,,,,,14.0,21.0,17.5,,,,,,,,,,,,,
2025-03-10,107.4,23.3,35.0,34.1,5.5,76.0,31.9,,,,,107.9,,,,,,,,,369.4,,,,,,,,,,15.0,23.0,19.0,,,,,,,,,,,,,
2025-03-11,105.6,21.5,29.7,39.0,6.5,75.9,29.1,,,,,105.0,,,,,,,,,373.1,,,,,,,,,,18.0,22.0,20.0,,,,,,,,,,,,,
2025-03-12,108.5,22.8,28.7,39.6,8.5,69.2,32.5,,,,,101.7,,,,,,,,,369.9,,,,,,,,,,15.0,20.0,17.5,,,,,,,,,,,,,
2025-03-13,105.7,21.3,30.8,37.3,7.5,,,,,,,105.6,,,,,,,,,361.0,,,,,,,,,,13.0,22.0,17.5,,,,,,,,,,,,,
2025-03-14,106.3,20.8,30.5,37.4,8.5,72.3,32.0,,,,,104.3,,,,,,,,,364.3,,,,,,,,,,13.0,23.0,18.0,,,,,,,,,,,,,
2025-03-15,99.2,18.1,31.3,31.1,10.0,72.9,37.2,,,,,110.1,,,,,,,,,360.8,,,,,,,,,,14.0,24.0,19.0,,,,,,,,,,,,,
2025-03-16,94.6,15.7,29.5,31.7,10.0,,,,,,,107.6,,,,,,,,,367.1,,,,,,,,,,19.0,25.0,22.0,,,,,,,,,,,,,
2025-03-17,106.1,17.6,30.4,39.6,10.0,,,,,,,108.0,,,,,,,,,376.1,,,,,,,,,,20.0,28.0,24.0,,,,,,,,,,,,,
2025-03-18,111.2,19.6,29.8,44.0,9.0,,,,,,,109.5,,,,,,,,,375.1,,,,,,,,,,19.0,30.0,24.5,,,,,,,,,,,,,
2025-03-19,117.4,17.8,30.2,50.7,10.0,,,,,,,111.9,,,,,,,,,367.1,,,,,,,,,,20.0,30.0,25.0,,,,,,,,,,,,,
2025-03-20,117.8,17.1,30.7,50.5,10.5,,,,,,,112.4,,,,,,,,,358.6,,,,,,,,,,22.0,33.0,27.5,,,,,,,,,,,,,
2025-03-21,117.8,17.7,31.0,49.7,10.0,79.2,33.0,,,,,112.2,,,,,,,,,354.1,,,,,,,,,,23.0,32.0,27.5,,,,,,,,,,,,,
2025-03-22,111.2,16.3,29.8,46.5,10.0,,,,,,,113.4,,,,,,,,,347.7,,,,,,,,,,23.0,28.0,25.5,,,,,,,,,,,,,
2025-03-23,95.8,17.9,29.6,30.6,10.0,,,,,,,107.7,,,,,,,,,352.2,,,,,,,,,,19.0,24.0,21.5,,,,,,,,,,,,,
2025-03-24,102.7,20.3,29.8,34.4,10.0,,,,,,,107.9,,,,,,,,,363.8,,,,,,,,,,18.0,23.0,20.5,,,,,,,,,,,,,
2025-03-25,112.3,24.0,28.5,41.3,10.0,,,,,,,112.0,,,,,,,,,362.8,,,,,,,,,,17.0,26.0,21.5,,,,,,,,,,,,,
2025-03-26,112.8,24.6,29.8,39.1,10.5,,,,,,,115.9,,,,,,,,,358.6,,,,,,,,,,17.0,26.0,21.5,,,,,,,,,,,,,
2025-03-27,113.8,22.1,30.8,41.0,11.0,,,,,,,,,,,,,,,,361.0,,,,,,,,,,20.0,27.0,23.5,,,,,,,,,,,,,
2025-03-28,114.1,21.1,30.8,42.0,11.0,,,,,,,,,,,,,,,,354.9,,,,,,,,,,19.0,26.0,22.5,,,,,,,,,,,,,
2025-03-29,100.4,17.9,29.6,33.3,11.0,,,,,,,,,,,,,,,,352.8,,,,,,,,,,16.0,26.0,21.0,,,,,,,,,,,,,
2025-03-30,95.0,18.1,29.1,30.3,10.0,,,,,,,,,,,,,,,,360.8,,,,,,,,,,20.0,30.0,25.0,,,,,,,,,,,,,
2025-03-31,111.8,25.6,30.4,37.4,10.0,,,,,,,111.4,,,,,,,,,369.8,,,,,,,,,,13.0,21.0,17.0,,,,,,,,,,,,,
2025-04-01,107.6,26.5,30.3,31.1,10.5,70.3,35.5,,,,,105.8,,,,,,,,,370.2,,,,,,,,,,12.0,22.0,17.0,,,,,,,,,,,,,
2025-04-02,102.5,26.6,29.9,28.0,9.5,70.8,36.7,,,,,107.5,,,,,,,,,367.1,,,,,,,,,,13.0,24.0,18.5,,,,,,,,,,,,,
2025-04-03,112.0,31.9,30.9,31.3,9.5,69.6,38.2,,,,,107.8,,,,,,,,,370.0,,,,,,,,,,15.0,24.0,19.5,,,,,,,,,,,,,
2025-04-04,118.6,32.1,30.7,35.8,11.4,78.3,37.8,,,,,116.1,,,,,,,,,361.0,,,,,,,,,,7.0,17.0,12.0,,,,,,,,,,,,,
2025-04-05,111.5,31.1,29.1,31.9,11.2,69.9,37.8,,,,,107.7,,,,,,,,,351.6,,,,,,,,,,10.0,19.0,14.5,,,,,,,,,,,,,
2025-04-06,98.6,25.8,28.8,26.8,10.1,79.7,37.4,,,,,117.1,,,,,,,,,343.2,,,,,,,,,,15.0,22.0,18.5,,,,,,,,,,,,,
2025-04-07,105.7,27.3,29.9,34.0,6.199999999999999,81.1,32.2,,,,,113.3,,,,,,,,,352.4,,,,,,,,,,16.0,20.0,18.0,,,,,,,,,,,,,
2025-04-08,108.2,28.9,30.1,34.0,6.9,81.3,32.4,,,,,113.7,,,,,,,,,351.8,,,,,,,,,,17.0,20.0,18.5,,,,,,,,,,,,,
2025-04-09,108.2,28.0,31.2,33.8,6.8,79.5,30.4,,,,,109.9,,,,,,,,,351.2,,,,,,,,,,16.0,21.0,18.5,,,,,,,,,,,,,
2025-04-10,106.6,26.7,30.5,32.5,8.2,,,,,,,110.3,,,,,,,,,349.2,,,,,,,,,,18.0,24.0,21.0,,,,,,,,,,,,,
2025-04-11,111.0,28.0,30.8,34.6,8.7,83.1,34.0,,,,,117.1,,,,,,,,,352.6,,,,,,,,,,19.0,24.0,21.5,,,,,,,,,,,,,
2025-04-12,106.3,27.2,29.7,29.9,11.0,80.7,37.7,,,,,118.4,,,,,,,,,357.1,,,,,,,,,,18.0,24.0,21.0,,,,,,,,,,,,,
2025-04-13,105.5,28.1,29.5,28.8,11.0,81.6,37.8,,,,,119.4,,,,,,,,,363.6,,,,,,,,,,11.0,22.0,16.5,,,,,,,,,,,,,
2025-04-14,113.3,35.3,30.5,34.1,5.0,77.2,30.2,,,,,107.4,,,,,,,,,370.3,,,,,,,,,,11.0,21.0,16.0,,,,,,,,,,,,,
2025-04-15,113.9,33.0,30.8,35.1,6.6,81.4,30.5,,,,,111.9,,,,,,,,,357.4,,,,,,,,,,16.0,23.0,19.5,,,,,,,,,,,,,
2025-04-16,114.6,33.9,30.5,36.3,5.5,,,,,,,,,,,,,,,,349.6,,,,,,,,,,14.0,22.0,18.0,,,,,,,,,,,,,
2025-04-17,110.5,32.4,29.2,33.5,5.5,78.3,30.4,,,,,108.7,,,,,,,,,341.8,,,,,,,,,,12.0,22.0,17.0,,,,,,,,,,,,,
2025-04-18,104.8,31.9,28.2,30.7,5.5,87.8,30.9,,,,,118.7,,,,,,,,,334.6,,,,,,,,,,14.0,21.0,17.5,,,,,,,,,,,,,
2025-04-19,107.6,33.3,27.8,32.2,6.0,80.1,31.2,,,,,111.3,,,,,,,,,342.7,,,,,,,,,,11.0,19.0,15.0,,,,,,,,,,,,,
2025-04-20,105.7,31.2,27.7,31.5,6.0,84.9,30.0,,,,,114.9,,,,,,,,,336.3,,,,,,,,,,9.0,19.0,14.0,,,,,,,,,,,,,
2025-04-21,114.9,33.7,29.4,35.9,6.0,,,,,,,,,,,,,,,,336.4,,,,,,,,,,12.0,21.0,16.5,,,,,,,,,,,,,
2025-04-22,117.9,33.6,32.3,38.2,5.0,,,,,,,,,,,,,,,,341.6,,,,,,,,,,15.0,23.0,19.0,,,,,,,,,,,,,
2025-04-23,122.3,33.3,33.7,39.2,7.0,,,,,,,,,,,,,,,,343.8,,,,,,,,,,16.0,25.0,20.5,,,,,,,,,,,,,
2025-04-24,121.3,33.2,33.8,37.5,7.5,,,,,,,,,,,,,,,,344.7,,,,,,,,,,16.0,22.0,19.0,,,,,,,,,,,,,
2025-04-25,117.1,33.1,35.0,34.7,5.0,,,,,,,,,,,,,,,,346.7,,,,,,,,,,16.0,24.0,20.0,,,,,,,,,,,,,
2025-04-26,118.0,32.1,36.6,32.1,8.0,86.4,33.4,,,,,119.8,,,,,,,,,351.5,,,,,,,,,,15.0,20.0,17.5,,,,,,,,,,,,,
2025-04-27,113.6,31.4,36.4,29.1,8.0,88.7,36.3,,,,,125.0,,,,,,,,,358.1,,,,,,,,,,10.0,22.0,16.0,,,,,,,,,,,,,
2025-04-28,131.3,35.7,37.1,38.6,11.0,,,,,,,124.6,,,,,,,,,364.0,,,,,,,,,,8.0,20.0,14.0,,,,,,,,,,,,,
2025-04-29,128.3,35.1,35.1,39.2,10.0,89.3,37.9,,,,,127.2,,,,,,,,,356.8,,,,,,,,,,10.0,23.0,16.5,,,,,,,,,,,,,
2025-04-30,129.1,35.2,34.5,38.4,12.0,,,,,,,,,,,,,,,,350.8,,,,,,,,,,11.0,24.0,17.5,,,,,,,,,,,,,
2025-05-01,113.4,31.9,32.8,32.0,7.8,82.4,37.2,,,,,119.6,,,,,,,,,352.4,,,,,,,,,,12.0,23.0,17.5,,,,,,,,,,,,,
2025-05-02,115.1,30.3,33.3,34.1,8.3,,,,,,,113.3,,,,,,,,,366.3,,,,,,,,,,14.0,24.0,19.0,,,,,,,,,,,,,
2025-05-03,112.7,29.0,33.3,33.0,8.3,,,,,,,110.5,,,,,,,,,358.8,,,,,,,,,,13.0,25.0,19.0,,,,,,,,,,,,,
2025-05-04,113.4,32.0,33.1,31.5,8.3,81.5,34.9,,,,,116.4,,,,,,,,,357.4,,,,,,,,,,18.0,26.0,22.0,,,,,,,,,,,,,
2025-05-05,127.3,36.4,34.7,37.2,10.0,83.3,35.4,,,,,118.7,,,,,,,,,363.8,,,,,,,,,,16.0,19.0,17.5,,,,,,,,,,,,,
2025-05-06,117.7,33.7,33.4,36.7,4.8,,,,,,,,,,,,,,,,359.1,,,,,,,,,,18.0,23.0,20.5,,,,,,,,,,,,,
2025-05-07,129.2,38.3,34.7,40.6,6.3,,,,,,,,,,,,,,,,355.7,,,,,,,,,,17.0,22.0,19.5,,,,,,,,,,,,,
2025-05-08,130.0,37.6,34.1,39.7,9.3,84.7,37.6,,,,,122.3,,,,,,,,,350.6,,,,,,,,,,18.0,22.0,20.0,,,,,,,,,,,,,
2025-05-09,121.7,37.7,34.2,31.1,9.3,87.5,40.4,,,,,127.9,,,,,,,,,345.0,,,,,,,,,,15.0,21.0,18.0,,,,,,,,,,,,,
2025-05-10,113.3,33.6,33.8,27.5,9.4,86.5,39.3,,,,,125.8,,,,,,,,,346.6,,,,,,,,,,14.0,22.0,18.0,,,,,,,,,,,,,
2025-05-11,110.2,32.8,33.5,26.8,8.4,,,,,,,120.4,,,,,,,,,353.7,,,,,,,,,,11.0,21.0,16.0,,,,,,,,,,,,,
2025-05-12,118.2,35.1,34.8,30.7,8.4,86.3,36.9,,,,,123.2,,,,,,,,,365.2,,,,,,,,,,13.0,21.0,17.0,,,,,,,,,,,,,
2025-05-13,122.1,36.0,34.9,32.9,9.3,84.7,35.5,,,,,120.2,,,,,,,,,364.2,,,,,,,,,,13.0,21.0,17.0,,,,,,,,,,,,,
2025-05-14,123.7,37.6,34.1,36.4,6.3,85.7,33.9,,,,,119.6,,,,,,,,,359.2,,,,,,,,,,17.0,25.0,21.0,,,,,,,,,,,,,
2025-05-15,124.3,34.2,35.0,37.5,8.3,87.6,34.7,,,,,122.3,,,,,,,,,355.9,,,,,,,,,,20.0,24.0,22.0,,,,,,,,,,,,,
2025-05-16,120.8,34.0,34.9,36.1,6.3,91.2,34.6,,,,,125.8,,,,,,,,,351.0,,,,,,,,,,19.0,23.0,21.0,,,,,,,,,,,,,
2025-05-17,111.2,30.9,33.6,28.4,9.2,87.5,37.8,,,,,125.3,,,,,,,,,356.5,,,,,,,,,,18.0,23.0,20.5,,,,,,,,,,,,,
2025-05-18,108.6,34.3,33.4,25.3,7.2,86.3,36.6,,,,,122.9,,,,,,,,,366.6,,,,,,,,,,13.0,18.0,15.5,,,,,,,,,,,,,
2025-05-19,131.8,43.9,34.9,37.7,6.2,95.4,33.3,,,,,128.7,,,,,,,,,370.7,,,,,,,,,,10.0,15.0,12.5,,,,,,,,,,,,,
2025-05-20,136.5,48.5,35.3,38.3,5.4,99.1,33.4,,,,,132.5,,,,,,,,,357.9,,,,,,,,,,6.0,16.0,11.0,,,,,,,,,,,,,
2025-05-21,143.1,55.4,35.5,37.6,5.4,101.2,34.2,,,,,135.4,,,,,,,,,342.7,,,,,,,,,,9.0,15.0,12.0,,,,,,,,,,,,,
2025-05-22,149.1,57.2,36.5,39.1,7.4,98.7,35.5,,,,,134.2,,,,,,,,,333.7,,,,,,,,,,7.0,16.0,11.5,,,,,,,,,,,,,
2025-05-23,142.2,55.1,37.0,33.3,7.4,99.7,37.1,,,,,136.8,,,,,,,,,327.8,,,,,,,,,,11.0,15.0,13.0,,,,,,,,,,,,,
2025-05-24,130.5,49.9,35.0,29.0,7.4,,,,,,,132.7,,,,,,,,,330.6,,,,,,,,,,13.0,16.0,14.5,,,,,,,,,,,,,
2025-05-25,124.6,46.5,34.6,27.3,7.4,98.0,38.4,,,,,136.4,,,,,,,,,340.1,,,,,,,,,,13.0,18.0,15.5,,,,,,,,,,,,,
2025-05-26,140.1,52.3,35.8,35.1,7.7,97.8,38.5,,,,,136.3,,,,,,,,,351.4,,,,,,,,,,15.0,20.0,17.5,,,,,,,,,,,,,
2025-05-27,140.7,57.4,35.0,32.4,6.7,104.2,35.8,,,,,140.0,,,,,,,,,355.8,,,,,,,,,,12.0,18.0,15.0,,,,,,,,,,,,,
2025-05-28,145.0,63.6,35.8,29.5,6.9,,,,,,,139.7,,,,,,,,,352.2,,,,,,,,,,7.0,12.0,9.5,,,,,,,,,,,,,
2025-05-29,148.3,68.9,35.8,27.0,7.0,,,,,,,141.3,,,,,,,,,345.5,,,,,,,,,,5.0,12.0,8.5,,,,,,,,,,,,,
2025-05-30,151.9,73.2,35.5,28.7,5.0,102.2,35.1,,,,,137.3,,,,,,,,,338.6,,,,,,,,,,6.0,15.0,10.5,,,,,,,,,,,,,
2025-05-31,146.1,68.1,34.2,28.4,6.0,103.0,35.9,,,,,138.9,,,,,,,,,336.3,,,,,,,,,,7.0,16.0,11.5,,,,,,,,,,,,,
2025-06-01,136.8,63.0,34.1,26.3,4.3,102.4,36.9,,,,,139.3,,,,,,,,,340.9,,,,,,,,,,4.0,16.0,10.0,,,,,,,,,,,,,
2025-06-02,146.5,66.8,34.6,29.1,6.5,100.3,37.9,,,,,138.2,,,,,,,,,349.7,,,,,,,,,,9.0,18.0,13.5,,,,,,,,,,,,,
2025-06-03,148.8,64.4,34.7,33.7,6.5,101.1,37.7,,,,,138.8,,,,,,,,,350.1,,,,,,,,,,8.0,18.0,13.0,,,,,,,,,,,,,
2025-06-04,145.7,63.2,35.4,33.2,4.4,101.6,37.1,,,,,138.7,,,,,,,,,351.6,,,,,,,,,,11.0,19.0,15.0,,,,,,,,,,,,,
2025-06-05,154.2,64.8,35.5,37.4,7.0,102.0,36.7,,,,,138.7,,,,,,,,,352.4,,,,,,,,,,8.0,15.0,11.5,,,,,,,,,,,,,
2025-06-06,157.3,63.5,35.0,42.2,7.0,103.1,35.8,,,,,138.9,,,,,,,,,347.4,,,,,,,,,,5.0,18.0,11.5,,,,,,,,,,,,,
2025-06-07,148.8,62.6,34.3,37.9,4.5,103.2,35.1,,,,,138.3,,,,,,,,,342.9,,,,,,,,,,7.0,17.0,12.0,,,,,,,,,,,,,
2025-06-08,140.8,59.9,34.0,33.5,4.5,102.4,37.8,,,,,140.2,,,,,,,,,343.2,,,,,,,,,,8.0,16.0,12.0,,,,,,,,,,,,,
2025-06-09,154.4,68.2,35.1,35.1,6.5,101.4,36.9,,,,,138.3,,,,,,,,,352.2,,,,,,,,,,7.0,15.0,11.0,,,,,,,,,,,,,
2025-06-10,154.8,68.0,35.4,36.7,5.5,,,,,,,,,,,,,,,,344.2,,,,,,,,,,5.0,16.0,10.5,,,,,,,,,,,,,
2025-06-11,151.8,67.5,34.9,33.1,7.0,,,,,,,,,,,,,,,,339.9,,,,,,,,,,9.0,16.0,12.5,,,,,,,,,,,,,
2025-06-12,149.4,68.9,35.1,30.7,5.5,,,,,,,,,,,,,,,,335.9,,,,,,,,,,11.0,18.0,14.5,,,,,,,,,,,,,
2025-06-13,151.0,69.0,34.9,31.2,6.5,,,,,,,,,,,,,,,,337.0,,,,,,,,,,11.0,15.0,13.0,,,,,,,,,,,,,
2025-06-14,144.6,65.7,34.2,28.7,6.5,,,,,,,,,,,,,,,,334.4,,,,,,,,,,11.0,13.0,12.0,,,,,,,,,,,,,
2025-06-15,141.2,64.8,33.9,27.0,6.5,100.5,37.3,,,,,137.8,,,,,,,,,335.2,,,,,,,,,,5.0,13.0,9.0,,,,,,,,,,,,,
2025-06-16,141.2,65.6,34.5,28.6,3.0,98.8,36.1,,,,,134.9,,,,,,,,,345.5,,,,,,,,,,7.0,16.0,11.5,,,,,,,,,,,,,
2025-06-17,156.4,70.3,35.2,37.2,4.0,101.7,36.1,,,,,137.8,,,,,,,,,351.7,,,,,,,,,,11.0,16.0,13.5,,,,,,,,,,,,,
2025-06-18,165.1,73.4,36.4,39.0,6.5,104.7,37.4,,,,,142.1,,,,,,,,,344.8,,,,,,,,,,5.0,15.0,10.0,,,,,,,,,,,,,
2025-06-19,163.2,75.7,35.9,35.1,6.5,103.2,37.8,,,,,141.0,,,,,,,,,342.3,,,,,,,,,,6.0,17.0,11.5,,,,,,,,,,,,,
2025-06-20,159.9,74.1,35.3,34.1,6.5,101.3,37.6,,,,,138.9,,,,,,,,,343.1,,,,,,,,,,6.0,16.0,11.0,,,,,,,,,,,,,
2025-06-21,153.3,71.2,34.5,31.2,6.5,,,,,,,137.7,,,,,,,,,344.8,,,,,,,,,,8.0,17.0,12.5,,,,,,,,,,,,,
2025-06-22,147.3,70.3,34.0,27.5,6.5,,,,,,,138.6,,,,,,,,,346.7,,,,,,,,,,8.0,15.0,11.5,,,,,,,,,,,,,
2025-06-23,166.0,83.5,35.5,31.0,6.5,,,,,,,140.7,,,,,,,,,352.6,,,,,,,,,,3.0,9.0,6.0,,,,,,,,,,,,,
2025-06-24,158.9,83.8,34.7,24.0,6.7,101.0,38.0,,,,,139.0,,,,,,,,,342.6,,,,,,,,,,2.0,12.0,7.0,,,,,,,,,,,,,
2025-06-25,158.1,86.1,35.3,20.3,6.9,101.7,38.0,,,,,139.7,,,,,,,,,341.9,,,,,,,,,,8.0,15.0,11.5,,,,,,,,,,,,,
2025-06-26,153.7,82.8,34.6,19.4,7.1000000000000005,100.9,38.9,,,,,139.8,,,,,,,,,342.9,,,,,,,,,,3.0,14.0,8.5,,,,,,,,,,,,,
2025-06-27,156.9,84.7,34.6,20.4,7.1,100.5,37.2,,,,,137.7,,,,,,,,,345.2,,,,,,,,,,4.0,15.0,9.5,,,,,,,,,,,,,
2025-06-28,151.2,79.8,33.3,21.0,7.1,99.6,38.0,,,,,137.6,,,,,,,,,342.9,,,,,,,,,,3.0,14.0,8.5,,,,,,,,,,,,,
2025-06-29,150.1,80.1,33.1,20.2,7.1,,,,,,,137.7,,,,,,,,,340.6,,,,,,,,,,5.0,9.0,7.0,,,,,,,,,,,,,
2025-06-30,164.1,91.8,34.5,20.9,7.0,96.1,33.3,,,,,129.4,,,,,,,,,337.6,,,,,,,,,,2.0,8.0,5.0,,,,,,,,,,,,,
2025-07-01,157.5,93.7,32.1,21.0,0.8,97.7,33.4,,,,,131.1,,,,,,,,,325.2,,,,,,,,,,,,,,,,,,,,,,,,,
2025-07-02,156.6,97.3,27.6,21.4,0.7,100.4,35.7,,,,,136.1,,,,,,,,,319.2,,,,,,,,,,,,,,,,,,,,,,,,,
2025-07-03,157.4,94.2,30.9,20.9,1.8,101.1,36.8,,,,,137.9,,,,,,,,,327.6,,,,,,,,,,4.0,12.0,8.0,,,,,,,,,,,,,
2025-07-04,149.8,93.6,23.7,19.2,3.5,100.6,36.3,,,,,136.9,,,,,,,,,344.6,,,,,,,,,,8.0,15.0,11.5,,,,,,,,,,,,,
2025-07-05,152.4,83.1,29.6,25.1,5.0,98.8,37.8,,,,,136.6,,,,,,,,,349.3,,,,,,,,,,8.0,14.0,11.0,,,,,,,,,,,,,
2025-07-06,150.2,74.0,30.3,30.2,6.5,100.0,38.3,,,,,138.3,,,,,,,,,351.2,,,,,,,,,,8.0,13.0,10.5,,,,,,,,,,,,,
2025-07-07,,,,,,100.5,38.7,,,,,139.2,,,,,,,,,,,,,,,,,,,,,,,,,,,,,,,,,,
2025-07-08,162.4,75.4,33.3,37.2,6.8,102.7,38.2,,,,,140.9,,,,,,,,,356.2,,,,,,,,,,8.0,17.0,12.5,,,,,,,,,,,,,
2025-07-09,150.6,67.6,33.8,32.1,7.6,101.6,38.7,,,,,140.3,,,,,,,,,351.5,,,,,,,,,,9.0,17.0,13.0,,,,,,,,,,,,,
2025-07-10,154.6,66.4,34.7,36.1,7.6,100.2,39.2,,,,,139.4,,,,,,,,,351.9,,,,,,,,,,11.0,16.0,13.5,,,,,,,,,,,,,
2025-07-11,151.8,65.4,33.2,35.2,8.1,100.4,39.0,,,,,139.4,,,,,,,,,342.9,,,,,,,,,,10.0,17.0,13.5,,,,,,,,,,,,,
2025-07-12,144.3,62.4,32.2,32.1,8.0,99.7,38.9,,,,,138.6,,,,,,,,,342.1,,,,,,,,,,11.0,19.0,15.0,,,,,,,,,,,,,
2025-07-13,138.8,57.3,32.5,32.5,7.5,99.4,38.9,,,,,138.3,,,,,,,,,347.2,,,,,,,,,,11.0,18.0,14.5,,,,,,,,,,,,,
2025-07-14,149.9,63.0,33.7,35.5,8.1,100.0,38.8,,,,,138.8,,,,,,,,,357.4,,,,,,,,,,10.0,15.0,12.5,,,,,,,,,,,,,
2025-07-15,147.4,61.7,33.9,34.7,7.5,,,,,,,,,,,,,,,,357.3,,,,,,,,,,13.0,19.0,16.0,,,,,,,,,,,,,
2025-07-16,152.3,69.5,32.6,33.3,7.1,,,,,,,,,,,,,,,,362.5,,,,,,,,,,11.0,17.0,14.0,,,,,,,,,,,,,
2025-07-17,157.1,70.3,34.7,35.1,7.1,100.6,38.4,,,,,139.0,,,,,,,,,354.9,,,,,,,,,,7.0,14.0,10.5,,,,,,,,,,,,,
2025-07-18,158.2,71.2,34.0,36.1,7.1,100.3,39.7,,,,,140.0,,,,,,,,,347.9,,,,,,,,,,5.0,16.0,10.5,,,,,,,,,,,,,
2025-07-19,145.4,61.9,33.3,32.8,7.6,101.7,39.0,,,,,140.7,,,,,,,,,348.2,,,,,,,,,,7.0,17.0,12.0,,,,,,,,,,,,,
2025-07-20,141.6,59.4,33.0,32.7,7.6,98.5,39.3,,,,,137.8,,,,,,,,,354.8,,,,,,,,,,9.0,19.0,14.0,,,,,,,,,,,,,
2025-07-21,158.1,68.6,34.2,38.5,7.6,98.5,39.8,,,,,138.3,,,,,,,,,365.0,,,,,,,,,,11.0,19.0,15.0,,,,,,,,,,,,,
2025-07-22,158.0,68.8,34.7,37.4,7.6,100.6,40.0,,,,,140.6,,,,,,,,,364.4,,,,,,,,,,10.0,16.0,13.0,,,,,,,,,,,,,
2025-07-23,161.7,74.0,34.4,35.9,7.8,104.1,39.0,,,,,143.1,,,,,,,,,352.8,,,,,,,,,,6.0,12.0,9.0,,,,,,,,,,,,,
2025-07-24,158.6,75.4,34.3,31.2,8.0,102.1,37.3,,,,,139.4,,,,,,,,,344.6,,,,,,,,,,8.0,14.0,11.0,,,,,,,,,,,,,
2025-07-25,156.8,75.8,34.6,29.5,7.0,100.6,37.7,,,,,138.3,,,,,,,,,342.6,,,,,,,,,,11.0,15.0,13.0,,,,,,,,,,,,,
2025-07-26,150.8,74.5,33.4,26.2,7.0,100.4,36.5,,,,,136.9,,,,,,,,,344.9,,,,,,,,,,8.0,12.0,10.0,,,,,,,,,,,,,
2025-07-27,150.1,74.0,33.3,26.6,7.0,,,,,,,130.9,,,,,,,,,341.3,,,,,,,,,,7.0,12.0,9.5,,,,,,,,,,,,,
2025-07-28,155.5,82.1,34.5,21.8,7.6,,,,,,,135.5,,,,,,,,,345.2,,,,,,,,,,8.0,14.0,11.0,,,,,,,,,,,,,
2025-07-29,156.4,75.6,34.2,30.0,7.1,,,,,,,137.7,,,,,,,,,351.1,,,,,,,,,,8.0,16.0,12.0,,,,,,,,,,,,,
2025-07-30,156.5,72.7,34.5,33.0,7.1,100.7,39.3,,,,,140.0,,,,,,,,,346.8,,,,,,,,,,10.0,17.0,13.5,,,,,,,,,,,,,
2025-07-31,149.7,66.7,34.6,31.3,7.6,101.9,39.4,,,,,141.3,,,,,,,,,347.4,,,,,,,,,,12.0,20.0,16.0,,,,,,,,,,,,,
2025-08-01,149.5,65.8,33.9,32.3,8.1,102.7,39.9,,,,,142.6,,,,,,,,,351.1,,,,,,,,,,15.0,17.0,16.0,,,,,,,,,,,,,
2025-08-02,139.8,59.8,32.0,30.5,8.1,102.0,40.8,,,,,142.8,,,,,,,,,359.8,,,,,,,,,,13.0,17.0,15.0,,,,,,,,,,,,,
2025-08-03,139.9,62.2,31.7,29.2,8.1,99.2,41.3,,,,,140.5,,,,,,,,,370.3,,,,,,,,,,9.0,16.0,12.5,,,,,,,,,,,,,
2025-08-04,169.4,79.1,33.1,40.6,7.1,,,,,,,,,,,,,,,,372.1,,,,,,,,,,9.0,15.0,12.0,,,,,,,,,,,,,
2025-08-05,165.0,74.2,34.7,39.2,7.6,,,,,,,,,,,,,,,,369.5,,,,,,,,,,6.0,13.0,9.5,,,,,,,,,,,,,
2025-08-06,164.3,75.4,35.2,36.9,7.5,,,,,,,,,,,,,,,,363.7,,,,,,,,,,8.0,16.0,12.0,,,,,,,,,,,,,
2025-08-07,167.5,74.7,35.5,40.4,7.5,103.4,38.6,,,,,142.0,,,,,,,,,358.3,,,,,,,,,,8.0,14.0,11.0,,,,,,,,,,,,,
2025-08-08,166.2,72.5,34.5,42.0,7.5,104.0,40.5,,,,,144.5,,,,,,,,,351.0,,,,,,,,,,5.0,14.0,9.5,,,,,,,,,,,,,
2025-08-09,159.7,70.6,33.7,38.6,7.5,103.0,39.2,,,,,142.2,,,,,,,,,352.1,,,,,,,,,,5.0,15.0,10.0,,,,,,,,,,,,,
2025-08-10,151.9,64.0,34.0,37.6,7.5,102.9,37.2,,,,,140.1,,,,,,,,,355.4,,,,,,,,,,5.0,18.0,11.5,,,,,,,,,,,,,
2025-08-11,156.5,63.8,35.7,40.0,7.6,100.3,38.2,,,,,138.5,,,,,,,,,361.1,,,,,,,,,,8.0,19.0,13.5,,,,,,,,,,,,,
2025-08-12,149.4,60.8,35.4,35.7,8.0,99.8,40.1,,,,,139.9,,,,,,,,,367.0,,,,,,,,,,11.0,22.0,16.5,,,,,,,,,,,,,
2025-08-13,155.1,67.4,35.0,35.4,8.0,100.3,39.2,,,,,139.5,,,,,,,,,370.0,,,,,,,,,,10.0,15.0,12.5,,,,,,,,,,,,,
2025-08-14,157.4,69.5,34.4,36.5,8.0,102.6,37.9,,,,,140.5,,,,,,,,,360.8,,,,,,,,,,6.0,13.0,9.5,,,,,,,,,,,,,
2025-08-15,151.6,69.7,34.8,33.2,4.5,101.5,37.0,,,,,138.5,,,,,,,,,356.3,,,,,,,,,,6.0,14.0,10.0,,,,,,,,,,,,,
2025-08-16,156.4,69.2,34.4,36.9,6.5,101.6,36.5,,,,,138.1,,,,,,,,,350.7,,,,,,,,,,7.0,13.0,10.0,,,,,,,,,,,,,
2025-08-17,149.0,64.9,34.3,34.4,6.5,101.8,37.9,,,,,139.7,,,,,,,,,352.7,,,,,,,,,,11.0,15.0,13.0,,,,,,,,,,,,,
2025-08-18,154.5,64.7,35.2,38.8,6.5,98.6,40.3,,,,,138.9,,,,,,,,,364.3,,,,,,,,,,12.0,17.0,14.5,,,,,,,,,,,,,
2025-08-19,154.4,63.7,34.6,39.6,7.5,,,,,,,,,,,,,,,,364.2,,,,,,,,,,14.0,16.0,15.0,,,,,,,,,,,,,
2025-08-20,151.7,63.0,34.9,37.2,7.5,,,,,,,,,,,,,,,,364.2,,,,,,,,,,13.0,17.0,15.0,,,,,,,,,,,,,
2025-08-21,152.3,63.9,35.0,36.7,7.5,99.6,39.8,,,,,139.4,,,,,,,,,364.7,,,,,,,,,,9.0,18.0,13.5,,,,,,,,,,,,,
2025-08-22,152.0,65.6,35.5,34.0,7.4,98.1,39.4,,,,,137.5,,,,,,,,,369.9,,,,,,,,,,13.0,18.0,15.5,,,,,,,,,,,,,
2025-08-23,141.6,61.7,34.8,28.4,7.4,95.0,37.6,,,,,132.6,,,,,,,,,363.7,,,,,,,,,,8.0,15.0,11.5,,,,,,,,,,,,,
2025-08-24,130.8,57.3,34.5,22.9,7.4,94.4,37.0,,,,,131.4,,,,,,,,,356.3,,,,,,,,,,6.0,18.0,12.0,,,,,,,,,,,,,
2025-08-25,140.2,57.0,35.8,31.7,6.4,94.4,36.2,,,,,130.6,,,,,,,,,354.9,,,,,,,,,,10.0,22.0,16.0,,,,,,,,,,,,,
2025-08-26,137.9,55.7,35.9,30.5,6.5,98.0,36.4,,,,,134.4,,,,,,,,,349.3,,,,,,,,,,8.0,21.0,14.5,,,,,,,,,,,,,
2025-08-27,130.4,49.9,35.6,29.2,6.4,98.3,37.7,,,,,136.0,,,,,,,,,350.4,,,,,,,,,,11.0,22.0,16.5,,,,,,,,,,,,,
2025-08-28,125.3,45.6,35.3,28.0,6.9,93.0,39.1,,,,,132.1,,,,,,,,,356.9,,,,,,,,,,12.0,22.0,17.0,,,,,,,,,,,,,
2025-08-29,124.3,48.0,34.4,24.3,7.9,88.3,35.6,,,,,123.9,,,,,,,,,364.5,,,,,,,,,,14.0,20.0,17.0,,,,,,,,,,,,,
2025-08-30,,,,,,82.5,34.3,,,,,116.8,,,,,,,,,,,,,,,,,,,,,,,,,,,,,,,,,,
2025-08-31,122.1,48.9,33.5,23.5,7.4,86.8,35.7,,,,,122.5,,,,,,,,,365.5,,,,,,,,,,15.0,19.0,17.0,,,,,,,,,,,,,
2025-09-01,137.5,55.6,35.1,30.2,7.4,95.2,37.1,,,,,132.3,,,,,,,,,363.3,,,,,,,,,,12.0,17.0,14.5,,,,,,,,,,,,,
2025-09-02,136.1,58.8,35.2,29.4,3.5,99.5,33.4,,,,,132.9,,,,,,,,,353.0,,,,,,,,,,8.0,15.0,11.5,,,,,,,,,,,,,
2025-09-03,136.0,61.8,35.2,27.4,2.4,96.6,35.8,,,,,132.4,,,,,,,,,347.1,,,,,,,,,,10.0,21.0,15.5,,,,,,,,,,,,,
2025-09-04,145.0,69.1,35.3,28.4,2.9,92.9,36.7,,,,,129.6,,,,,,,,,343.0,,,,,,,,,,5.0,12.0,8.5,,,,,,,,,,,,,
2025-09-05,141.0,69.3,35.2,22.5,4.4,98.3,35.9,,,,,134.2,,,,,,,,,340.6,,,,,,,,,,3.0,13.0,8.0,,,,,,,,,,,,,
2025-09-06,140.5,67.5,34.2,27.1,2.4,100.2,33.1,,,,,133.3,,,,,,,,,338.1,,,,,,,,,,3.0,16.0,9.5,,,,,,,,,,,,,
2025-09-07,136.3,59.7,34.2,27.3,6.4,100.2,37.9,,,,,138.1,,,,,,,,,342.6,,,,,,,,,,8.0,16.0,12.0,,,,,,,,,,,,,
2025-09-08,141.3,60.1,35.7,29.9,6.4,97.3,38.8,,,,,136.1,,,,,,,,,349.0,,,,,,,,,,11.0,18.0,14.5,,,,,,,,,,,,,
2025-09-09,128.4,52.2,34.5,31.4,1.1,96.4,33.8,,,,,130.2,,,,,,,,,349.7,,,,,,,,,,10.0,23.0,16.5,,,,,,,,,,,,,
2025-09-10,123.8,48.3,35.2,24.8,6.5,93.6,36.5,,,,,130.1,,,,,,,,,349.9,,,,,,,,,,12.0,24.0,18.0,,,,,,,,,,,,,
2025-09-11,121.3,45.9,35.6,24.1,6.5,89.0,34.5,,,,,123.5,,,,,,,,,359.6,,,,,,,,,,10.0,23.0,16.5,,,,,,,,,,,,,
2025-09-12,117.5,42.4,35.0,23.9,6.5,,,,,,,112.7,,,,,,,,,363.4,,,,,,,,,,10.0,21.0,15.5,,,,,,,,,,,,,
2025-09-13,109.2,39.4,34.3,21.0,5.0,,,,,,,105.2,,,,,,,,,361.7,,,,,,,,,,13.0,18.0,15.5,,,,,,,,,,,,,
2025-09-14,109.6,39.2,33.2,23.7,5.0,,,,,,,104.6,,,,,,,,,360.9,,,,,,,,,,12.0,23.0,17.5,,,,,,,,,,,,,
2025-09-15,117.3,42.9,35.3,28.1,2.0,,,,,,,113.7,,,,,,,,,361.2,,,,,,,,,,14.0,21.0,17.5,,,,,,,,,,,,,
2025-09-16,115.3,37.7,35.1,28.3,4.5,83.2,30.1,,,,,113.3,,,,,,,,,362.3,,,,,,,,,,11.0,21.0,16.0,,,,,,,,,,,,,
2025-09-17,113.3,36.2,34.4,28.6,4.5,83.6,29.2,,,,,112.8,,,,,,,,,363.0,,,,,,,,,,14.0,24.0,19.0,,,,,,,,,,,,,
2025-09-18,112.7,35.7,34.7,30.7,2.4,83.4,28.4,,,,,111.8,,,,,,,,,365.0,,,,,,,,,,17.0,22.0,19.5,,,,,,,,,,,,,
2025-09-19,111.1,33.3,35.4,32.0,0.9,84.9,27.7,,,,,112.6,,,,,,,,,365.2,,,,,,,,,,17.0,23.0,20.0,,,,,,,,,,,,,
2025-09-20,109.7,35.4,33.9,26.8,4.4,82.9,28.9,,,,,111.8,,,,,,,,,365.4,,,,,,,,,,15.0,19.0,17.0,,,,,,,,,,,,,
2025-09-21,103.6,36.2,32.5,22.0,4.4,,,,,,,108.2,,,,,,,,,367.3,,,,,,,,,,12.0,15.0,13.5,,,,,,,,,,,,,
2025-09-22,117.1,44.6,32.7,24.2,6.5,,,,,,,111.8,,,,,,,,,369.1,,,,,,,,,,9.0,19.0,14.0,,,,,,,,,,,,,
2025-09-23,121.0,46.9,32.1,28.0,5.0,,,,,,,,,,,,,,,,366.8,,,,,,,,,,8.0,19.0,13.5,,,,,,,,,,,,,
2025-09-24,116.1,44.2,32.3,25.1,5.5,,,,,,,,,,,,,,,,364.3,,,,,,,,,,9.0,17.0,13.0,,,,,,,,,,,,,
2025-09-25,110.1,39.9,32.8,22.8,5.5,,,,,,,114.7,,,,,,,,,358.9,,,,,,,,,,10.0,18.0,14.0,,,,,,,,,,,,,
2025-09-26,109.5,39.3,32.6,22.6,5.5,,,,,,,114.0,,,,,,,,,359.8,,,,,,,,,,12.0,22.0,17.0,,,,,,,,,,,,,
2025-09-27,104.5,35.9,34.8,20.5,4.1,,,,,,,109.3,,,,,,,,,362.6,,,,,,,,,,15.0,18.0,16.5,,,,,,,,,,,,,
2025-09-28,97.6,33.3,34.3,17.5,4.0,,,,,,,103.6,,,,,,,,,364.8,,,,,,,,,,11.0,22.0,16.5,,,,,,,,,,,,,
2025-09-29,113.0,37.8,35.8,25.8,4.5,,,,,,,104.3,,,,,,,,,370.0,,,,,,,,,,11.0,24.0,17.5,,,,,,,,,,,,,
2025-09-30,108.4,33.9,35.0,24.5,5.6,,,,,,,105.6,,,,,,,,,367.6,,,,,,,,,,14.0,22.0,18.0,,,,,,,,,,,,,
2025-10-01,106.1,32.7,34.7,23.0,6.7,,,,,,,105.2,,,,,,,,,368.5,,,,,,,,,,12.0,23.0,17.5,,,,,,,,,,,,,
2025-10-02,100.9,28.4,35.3,21.2,7.0,,,,,,,103.9,,,,,,,,,369.6,,,,,,,,,,15.0,24.0,19.5,,,,,,,,,,,,,
2025-10-03,98.9,25.6,35.5,21.2,7.5,,,,,,,100.5,,,,,,,,,372.3,,,,,,,,,,16.0,26.0,21.0,,,,,,,,,,,,,
2025-10-04,100.0,24.6,35.4,24.7,6.4,,,,,,,95.9,,,,,,,,,369.6,,,,,,,,,,19.0,29.0,24.0,,,,,,,,,,,,,
2025-10-05,95.8,23.9,35.1,22.0,6.4,,,,,,,97.5,,,,,,,,,364.4,,,,,,,,,,15.0,20.0,17.5,,,,,,,,,,,,,
2025-10-06,114.2,34.8,37.0,25.6,7.5,,,,,,,108.1,,,,,,,,,361.5,,,,,,,,,,9.0,18.0,13.5,,,,,,,,,,,,,
2025-10-07,110.9,33.4,35.3,25.8,7.3,83.0,29.4,,,,,112.4,,,,,,,,,356.1,,,,,,,,,,9.0,23.0,16.0,,,,,,,,,,,,,
2025-10-08,104.9,28.2,37.0,23.1,7.8,,,,,,,111.4,,,,,,,,,357.2,,,,,,,,,,14.0,26.0,20.0,,,,,,,,,,,,,
2025-10-09,100.5,26.2,36.8,22.1,6.3,,,,,,,105.0,,,,,,,,,363.1,,,,,,,,,,16.0,27.0,21.5,,,,,,,,,,,,,
2025-10-10,98.4,22.6,35.9,23.9,6.8,,,,,,,,,,,,,,,,365.3,,,,,,,,,,17.0,29.0,23.0,,,,,,,,,,,,,
2025-10-11,101.2,24.9,35.6,24.6,6.8,,,,,,,,,,,,,,,,364.7,,,,,,,,,,19.0,27.0,23.0,,,,,,,,,,,,,
2025-10-12,94.8,23.6,35.3,20.4,6.8,,,,,,,,,,,,,,,,364.3,,,,,,,,,,14.0,18.0,16.0,,,,,,,,,,,,,
2025-10-13,100.3,28.5,36.4,21.6,4.8,,,,,,,100.4,,,,,,,,,368.4,,,,,,,,,,13.0,23.0,18.0,,,,,,,,,,,,,
2025-10-14,101.7,26.9,36.3,23.3,6.4,,,,,,,101.5,,,,,,,,,367.3,,,,,,,,,,15.0,24.0,19.5,,,,,,,,,,,,,
2025-10-15,102.3,23.9,36.6,24.7,8.1,,,,,,,104.8,,,,,,,,,365.0,,,,,,,,,,19.0,27.0,23.0,,,,,,,,,,,,,
2025-10-16,108.4,25.3,36.5,28.0,9.1,,,,,,,99.7,,,,,,,,,363.3,,,,,,,,,,18.0,28.0,23.0,,,,,,,,,,,,,
2025-10-17,109.9,27.6,35.4,27.9,9.3,76.2,30.5,,,,,106.7,,,,,,,,,356.6,,,,,,,,,,19.0,22.0,20.5,,,,,,,,,,,,,
2025-10-18,95.4,23.5,33.6,20.8,8.0,,,,,,,97.2,,,,,,,,,355.7,,,,,,,,,,11.0,22.0,16.5,,,,,,,,,,,,,
2025-10-19,85.5,19.0,33.2,15.9,8.5,,,,,,,94.0,,,,,,,,,357.4,,,,,,,,,,12.0,22.0,17.0,,,,,,,,,,,,,
2025-10-20,97.4,23.3,34.0,22.2,8.4,,,,,,,97.8,,,,,,,,,363.3,,,,,,,,,,15.0,25.0,20.0,,,,,,,,,,,,,
2025-10-21,98.8,23.1,34.7,25.0,7.199999999999999,,,,,,,101.0,,,,,,,,,365.7,,,,,,,,,,18.0,28.0,23.0,,,,,,,,,,,,,
2025-10-22,104.4,24.1,35.5,28.8,7.199999999999999,,,,,,,102.1,,,,,,,,,367.8,,,,,,,,,,19.0,26.0,22.5,,,,,,,,,,,,,
2025-10-23,103.6,21.0,35.4,30.5,7.7,,,,,,,105.1,,,,,,,,,364.2,,,,,,,,,,19.0,30.0,24.5,,,,,,,,,,,,,
2025-10-24,106.8,24.7,34.7,30.2,7.7,,,,,,,107.3,,,,,,,,,359.8,,,,,,,,,,20.0,23.0,21.5,,,,,,,,,,,,,
2025-10-25,100.2,25.9,33.2,24.7,7.1,,,,,,,104.5,,,,,,,,,358.8,,,,,,,,,,16.0,20.0,18.0,,,,,,,,,,,,,
2025-10-26,88.5,24.9,32.9,15.4,6.6,,,,,,,98.6,,,,,,,,,364.5,,,,,,,,,,5.0,23.0,14.0,,,,,,,,,,,,,
2025-10-27,112.7,34.9,33.9,27.4,7.6,78.1,30.0,,,,,108.1,,,,,,,,,369.8,,,,,,,,,,11.0,15.0,13.0,,,,,,,,,,,,,
2025-10-28,115.3,37.0,33.8,29.1,6.699999999999999,,,,,,,,,,,,,,,,358.9,,,,,,,,,,8.0,16.0,12.0,,,,,,,,,,,,,
2025-10-29,114.5,39.4,34.0,26.5,6.699999999999999,,,,,,,,,,,,,,,,355.0,,,,,,,,,,10.0,17.0,13.5,,,,,,,,,,,,,
2025-10-30,108.7,32.9,33.5,26.6,7.699999999999999,78.7,31.6,,,,,110.3,,,,,,,,,354.5,,,,,,,,,,13.0,19.0,16.0,,,,,,,,,,,,,
2025-10-31,100.5,29.3,33.2,23.1,6.699999999999999,79.1,30.3,,,,,109.4,,,,,,,,,355.9,,,,,,,,,,14.0,25.0,19.5,,,,,,,,,,,,,
2025-11-01,92.5,25.0,31.8,20.3,7.4,70.2,28.4,,,,,98.6,,,,,,,,,364.0,,,,,,,,,,15.0,28.0,21.5,,,,,,,,,,,,,
2025-11-02,90.4,20.1,31.7,23.9,7.4,71.6,28.2,,,,,99.8,,,,,,,,,367.2,,,,,,,,,,19.0,25.0,22.0,,,,,,,,,,,,,
2025-11-03,99.9,22.5,32.9,28.1,7.699999999999999,71.6,29.1,,,,,100.7,,,,,,,,,373.7,,,,,,,,,,18.0,29.0,23.5,,,,,,,,,,,,,
2025-11-04,102.1,22.5,33.2,28.2,9.2,74.9,29.8,,,,,104.7,,,,,,,,,371.0,,,,,,,,,,19.0,25.0,22.0,,,,,,,,,,,,,
2025-11-05,105.5,27.5,34.5,27.5,7.199999999999999,77.4,30.2,,,,,107.6,,,,,,,,,367.9,,,,,,,,,,14.0,21.0,17.5,,,,,,,,,,,,,
2025-11-06,109.1,28.9,34.9,28.1,8.2,74.8,30.3,,,,,105.1,,,,,,,,,367.8,,,,,,,,,,14.0,21.0,17.5,,,,,,,,,,,,,
2025-11-07,107.4,27.9,34.8,27.9,7.199999999999999,70.3,30.7,,,,,101.0,,,,,,,,,365.1,,,,,,,,,,14.0,18.0,16.0,,,,,,,,,,,,,
2025-11-08,98.9,25.6,33.0,24.1,7.4,72.9,30.6,,,,,103.5,,,,,,,,,357.9,,,,,,,,,,12.0,21.0,16.5,,,,,,,,,,,,,
2025-11-09,91.2,22.0,32.7,20.4,7.9,70.1,31.0,,,,,101.1,,,,,,,,,363.7,,,,,,,,,,12.0,26.0,19.0,,,,,,,,,,,,,
2025-11-10,101.2,22.7,33.7,27.9,8.2,70.5,31.8,,,,,102.3,,,,,,,,,375.0,,,,,,,,,,15.0,27.0,21.0,,,,,,,,,,,,,
2025-11-11,98.7,22.4,33.6,25.5,8.2,,,,,,,103.3,,,,,,,,,376.0,,,,,,,,,,18.0,27.0,22.5,,,,,,,,,,,,,
2025-11-12,99.2,22.2,34.3,26.3,8.4,,,,,,,102.3,,,,,,,,,375.4,,,,,,,,,,13.0,26.0,19.5,,,,,,,,,,,,,
2025-11-13,101.4,22.9,34.3,28.3,7.9,,,,,,,102.4,,,,,,,,,375.8,,,,,,,,,,13.0,27.0,20.0,,,,,,,,,,,,,
2025-11-14,94.5,18.9,33.9,26.1,7.4,,,,,,,99.1,,,,,,,,,379.6,,,,,,,,,,18.0,30.0,24.0,,,,,,,,,,,,,
2025-11-15,92.1,16.7,33.1,26.8,7.6,,,,,,,89.1,,,,,,,,,374.1,,,,,,,,,,18.0,31.0,24.5,,,,,,,,,,,,,
2025-11-16,81.9,16.8,32.1,19.6,6.1,,,,,,,91.5,,,,,,,,,369.9,,,,,,,,,,18.0,24.0,21.0,,,,,,,,,,,,,
2025-11-17,91.2,21.2,33.9,21.5,5.6,,,,,,,100.3,,,,,,,,,378.7,,,,,,,,,,11.0,24.0,17.5,,,,,,,,,,,,,
2025-11-18,103.3,20.2,34.6,31.2,8.4,70.3,29.5,,,,,99.8,,,,,,,,,382.5,,,,,,,,,,17.0,29.0,23.0,,,,,,,,,,,,,
2025-11-19,109.2,22.6,35.0,34.5,8.4,71.6,29.9,,,,,101.5,,,,,,,,,374.9,,,,,,,,,,16.0,25.0,20.5,,,,,,,,,,,,,
2025-11-20,109.8,21.4,35.8,35.4,8.4,,,,,,,,,,,,,,,,365.7,,,,,,,,,,17.0,26.0,21.5,,,,,,,,,,,,,
2025-11-21,102.9,19.4,35.2,32.1,7.6,,,,,,,97.8,,,,,,,,,357.1,,,,,,,,,,15.0,23.0,19.0,,,,,,,,,,,,,
2025-11-22,96.7,18.4,34.2,27.0,8.6,76.7,21.9,,,,,98.6,,,,,,,,,349.3,,,,,,,,,,10.0,21.0,15.5,,,,,,,,,,,,,
2025-11-23,86.0,15.7,33.7,21.8,6.800000000000001,75.5,30.8,,,,,106.3,,,,,,,,,351.6,,,,,,,,,,12.0,24.0,18.0,,,,,,,,,,,,,
2025-11-24,93.5,16.4,34.0,26.1,8.7,71.0,29.3,,,,,100.3,,,,,,,,,368.4,,,,,,,,,,16.0,26.0,21.0,,,,,,,,,,,,,
2025-11-25,105.9,16.5,35.1,37.4,8.4,72.6,29.6,,,,,102.2,,,,,,,,,375.6,,,,,,,,,,16.0,29.0,22.5,,,,,,,,,,,,,
2025-11-26,109.2,15.9,34.1,42.3,8.4,,,,,,,102.5,,,,,,,,,370.0,,,,,,,,,,19.0,31.0,25.0,,,,,,,,,,,,,
2025-11-27,115.8,16.7,35.3,47.4,8.8,,,,,,,104.9,,,,,,,,,362.9,,,,,,,,,,21.0,32.0,26.5,,,,,,,,,,,,,
2025-11-28,115.8,18.9,35.2,45.1,9.1,,,,,,,108.7,,,,,,,,,355.7,,,,,,,,,,19.0,28.0,23.5,,,,,,,,,,,,,
2025-11-29,113.8,18.9,34.1,45.1,8.2,,,,,,,106.7,,,,,,,,,350.1,,,,,,,,,,17.0,20.0,18.5,,,,,,,,,,,,,
2025-11-30,99.5,18.2,33.6,32.6,8.1,,,,,,,110.0,,,,,,,,,345.1,,,,,,,,,,17.0,21.0,19.0,,,,,,,,,,,,,
2025-12-01,108.9,18.9,34.8,38.6,7.800000000000001,79.9,30.0,,,,,109.9,,,,,,,,,357.7,,,,,,,,,,17.0,23.0,20.0,,,,,,,,,,,,,
2025-12-02,111.1,18.4,34.9,41.2,7.800000000000001,,,,,,,,,,,,,,,,358.2,,,,,,,,,,15.0,28.0,21.5,,,,,,,,,,,,,
2025-12-03,116.1,16.9,35.8,46.3,8.4,,,,,,,,,,,,,,,,358.5,,,,,,,,,,18.0,29.0,23.5,,,,,,,,,,,,,
2025-12-04,118.0,16.1,35.5,50.5,7.1,82.5,29.3,,,,,111.8,,,,,,,,,358.7,,,,,,,,,,23.0,35.0,29.0,,,,,,,,,,,,,
2025-12-05,125.6,15.7,35.3,56.4,9.1,86.9,31.0,,,,,117.9,,,,,,,,,346.2,,,,,,,,,,24.0,35.0,29.5,,,,,,,,,,,,,
2025-12-06,121.0,14.8,34.7,54.1,8.5,86.0,30.3,,,,,116.3,,,,,,,,,341.1,,,,,,,,,,23.0,31.0,27.0,,,,,,,,,,,,,
2025-12-07,103.9,13.6,34.9,39.0,8.1,83.6,30.8,,,,,114.4,,,,,,,,,344.8,,,,,,,,,,18.0,27.0,22.5,,,,,,,,,,,,,
2025-12-08,100.4,14.3,35.1,34.7,7.6,81.0,24.6,,,,,105.6,,,,,,,,,357.6,,,,,,,,,,18.0,26.0,22.0,,,,,,,,,,,,,
2025-12-09,110.6,17.2,35.6,41.3,7.6,82.3,21.6,,,,,103.9,,,,,,,,,367.8,,,,,,,,,,20.0,25.0,22.5,,,,,,,,,,,,,
2025-12-10,116.6,16.9,37.2,46.1,7.6,,,,,,,115.2,,,,,,,,,361.5,,,,,,,,,,19.0,28.0,23.5,,,,,,,,,,,,,
2025-12-11,125.1,16.1,37.5,52.3,10.1,,,,,,,116.7,,,,,,,,,357.6,,,,,,,,,,18.0,32.0,25.0,,,,,,,,,,,,,
2025-12-12,121.9,17.2,36.8,51.2,7.4,,,,,,,115.8,,,,,,,,,355.1,,,,,,,,,,20.0,34.0,27.0,,,,,,,,,,,,,
2025-12-13,108.1,15.1,35.6,40.0,8.3,,,,,,,111.7,,,,,,,,,353.7,,,,,,,,,,22.0,34.0,28.0,,,,,,,,,,,,,
2025-12-14,97.9,16.3,35.4,31.6,6.3,,,,,,,110.8,,,,,,,,,356.1,,,,,,,,,,17.0,24.0,20.5,,,,,,,,,,,,,
2025-12-15,115.1,21.8,36.4,40.7,7.3,,,,,,,114.0,,,,,,,,,365.5,,,,,,,,,,16.0,28.0,22.0,,,,,,,,,,,,,
2025-12-16,113.9,20.5,36.3,40.6,7.5,,,,,,,116.8,,,,,,,,,366.2,,,,,,,,,,15.0,26.0,20.5,,,,,,,,,,,,,
2025-12-17,108.3,16.3,35.6,39.6,7.8999999999999995,,,,,,,116.0,,,,,,,,,368.2,,,,,,,,,,17.0,31.0,24.0,,,,,,,,,,,,,
2025-12-18,120.1,17.3,37.4,48.1,7.8999999999999995,,,,,,,114.0,,,,,,,,,371.6,,,,,,,,,,22.0,34.0,28.0,,,,,,,,,,,,,
2025-12-19,121.4,16.6,37.3,50.1,7.8999999999999995,,,,,,,111.0,,,,,,,,,368.6,,,,,,,,,,20.0,31.0,25.5,,,,,,,,,,,,,
2025-12-20,112.4,13.2,35.5,46.8,7.6,,,,,,,108.6,,,,,,,,,357.7,,,,,,,,,,24.0,27.0,25.5,,,,,,,,,,,,,
2025-12-21,104.5,14.1,35.1,39.1,7.6,,,,,,,107.2,,,,,,,,,358.9,,,,,,,,,,22.0,28.0,25.0,,,,,,,,,,,,,
2025-12-22,117.7,17.2,36.4,47.7,7.6,,,,,,,,,,,,,,,,363.6,,,,,,,,,,22.0,29.0,25.5,,,,,,,,,,,,,
2025-12-23,114.9,15.7,35.5,50.4,4.5,,,,,,,,,,,,,,,,360.1,,,,,,,,,,21.0,32.0,26.5,,,,,,,,,,,,,
2025-12-24,108.5,14.9,33.7,46.4,4.4,,,,,,,,,,,,,,,,356.0,,,,,,,,,,21.0,34.0,27.5,,,,,,,,,,,,,
2025-12-25,99.4,12.4,33.3,41.4,3.4000000000000004,,,,,,,,,,,,,,,,357.8,,,,,,,,,,20.0,30.0,25.0,,,,,,,,,,,,,
2025-12-26,105.4,14.5,35.0,43.0,3.4000000000000004,,,,,,,,,,,,,,,,368.3,,,,,,,,,,19.0,33.0,26.0,,,,,,,,,,,,,
2025-12-27,108.6,13.3,33.5,48.1,4.4,,,,,,,110.2,,,,,,,,,362.8,,,,,,,,,,23.0,35.0,29.0,,,,,,,,,,,,,
2025-12-28,108.3,10.9,33.4,50.9,4.4,,,,,,,109.3,,,,,,,,,363.9,,,,,,,,,,24.0,32.0,28.0,,,,,,,,,,,,,
2025-12-29,126.3,14.9,34.4,62.3,6.0,,,,,,,115.4,,,,,,,,,364.4,,,,,,,,,,21.0,35.0,28.0,,,,,,,,,,,,,
2025-12-30,126.5,12.7,35.6,63.9,5.5,,,,,,,116.0,,,,,,,,,363.0,,,,,,,,,,25.0,37.0,31.0,,,,,,,,,,,,,
2025-12-31,118.2,11.2,33.4,59.4,5.3999999999999995,,,,,,,116.6,,,,,,,,,355.6,,,,,,,,,,27.0,39.0,33.0,,,,,,,,,,,,,
2026-01-01,97.6,8.3,32.1,43.2,5.3999999999999995,73.1,30.2,,,,,103.3,,,,,,,,,360.6,,,,,,,,,,20.0,29.0,24.5,,,,,,,,,,,,,
2026-01-02,110.0,13.7,34.2,47.6,5.3999999999999995,73.0,32.3,,,,,105.3,,,,,,,,,367.9,,,,,,,,,,19.0,28.0,23.5,,,,,,,,,,,,,
2026-01-03,98.0,12.1,31.1,40.3,5.4,70.6,32.0,,,,,102.6,,,,,,,,,364.1,,,,,,,,,,14.0,23.0,18.5,,,,,,,,,,,,,
2026-01-04,88.8,11.1,31.1,32.8,5.4,66.9,30.6,,,,,97.5,,,,,,,,,372.1,,,,,,,,,,13.0,25.0,19.0,,,,,,,,,,,,,
2026-01-05,93.1,13.0,32.4,35.8,5.3,63.8,31.2,,,,,95.0,,,,,,,,,379.2,,,,,,,,,,17.0,28.0,22.5,,,,,,,,,,,,,
2026-01-07,104.1,13.4,34.0,41.0,7.0,,,,,,,,,,,,,,,,363.5,,,,,,,,,,19.0,28.0,23.5,,,,,,,,,,,,,
2026-01-08,105.3,14.2,35.0,40.5,6.8,,,,,,,,,,,,,,,,360.5,,,,,,,,,,15.0,24.0,19.5,,,,,,,,,,,,,
2026-01-09,99.1,14.2,33.6,35.4,6.8,,,,,,,,,,,,,,,,361.2,,,,,,,,,,18.0,25.0,21.5,,,,,,,,,,,,,
2026-01-10,94.4,12.3,33.6,33.3,6.3,,,,,,,,,,,,,,,,363.5,,,,,,,,,,19.0,24.0,21.5,,,,,,,,,,,,,
2026-01-11,83.5,10.9,32.6,26.5,5.3,64.0,31.2,,,,,95.2,,,,,,,,,365.7,,,,,,,,,,15.0,30.0,22.5,,,,,,,,,,,,,
2026-01-12,110.7,13.5,34.0,47.6,6.8,75.5,32.7,,,,,108.2,,,,,,,,,364.2,,,,,,,,,,22.0,35.0,28.5,,,,,,,,,,,,,
2026-01-13,119.9,13.1,34.5,55.1,8.6,83.5,30.4,,,,,113.9,,,,,,,,,353.5,,,,,,,,,,25.0,33.0,29.0,,,,,,,,,,,,,
2026-01-14,123.7,13.8,35.2,58.5,7.7,85.9,31.4,,,,,117.3,,,,,,,,,348.2,,,,,,,,,,23.0,34.0,28.5,,,,,,,,,,,,,
2026-01-15,123.5,14.2,34.5,57.5,8.7,82.0,33.8,,,,,115.8,,,,,,,,,346.5,,,,,,,,,,25.0,33.0,29.0,,,,,,,,,,,,,
2026-01-16,121.2,14.2,34.5,55.3,8.2,83.9,35.5,,,,,119.4,,,,,,,,,341.2,,,,,,,,,,19.0,27.0,23.0,,,,,,,,,,,,,
2026-01-17,114.4,13.3,35.0,49.2,8.2,85.1,34.4,,,,,119.5,,,,,,,,,341.3,,,,,,,,,,23.0,34.0,28.5,,,,,,,,,,,,,
2026-01-18,104.7,13.5,34.8,40.2,8.2,83.5,33.1,,,,,116.6,,,,,,,,,345.8,,,,,,,,,,19.0,28.0,23.5,,,,,,,,,,,,,
2026-01-19,113.0,15.1,35.6,44.5,9.2,81.7,31.5,,,,,113.2,,,,,,,,,360.1,,,,,,,,,,15.0,25.0,20.0,,,,,,,,,,,,,
2026-01-20,111.6,14.3,36.0,43.8,8.7,84.4,32.7,,,,,117.1,,,,,,,,,361.2,,,,,,,,,,19.0,29.0,24.0,,,,49.99,0.0,0.0,0.0,49.99,,,,,
2026-01-21,117.2,14.5,36.8,47.8,9.4,84.8,32.7,,,,,117.5,,,,,,,,,359.0,,,,,,,,,,20.0,31.0,25.5,,,,51.621,0.0,0.0,0.0,51.621,,,,,
2026-01-22,121.0,14.6,36.1,52.9,8.7,85.6,33.5,,,,,119.1,,,,,,,,,355.6,,,,,,,,,,22.0,31.0,26.5,,,,59.865,0.0,0.0,0.0,59.865,,,,,
2026-01-23,127.1,14.1,36.5,57.3,10.2,88.7,34.1,,,,,122.8,,,,,,,,,351.6,,,,,,,,,,22.0,32.0,27.0,,,,65.683,0.0,0.0,0.448,65.683,,,,,
2026-01-24,120.2,12.2,35.5,53.2,10.4,87.9,34.5,,,,,122.4,,,,,,,,,345.4,,,,,,,,,,24.0,33.0,28.5,,,,58.479,0.0,0.0,1.071,58.479,,,,,
2026-01-25,113.5,10.9,35.2,49.2,9.8,90.0,34.7,,,,,124.7,,,,,,,,,347.1,,,,,,,,,,25.0,34.0,29.5,,,,54.92,0.0,0.0,1.721,54.92,,,,,
2026-01-26,131.1,14.0,37.0,61.0,10.299999999999999,89.7,34.5,,,,,124.2,,,,,,,,,358.6,,,,,,,,,,26.0,36.0,31.0,,,,65.335,0.0,0.01,1.996,65.335,,,,,
2026-01-27,131.6,14.0,36.6,60.9,11.6,89.2,35.2,,,,,124.4,,,,,,,,,357.6,,,,,,,,,,22.0,33.0,27.5,,,,67.172,0.0,0.0,2.036,67.172,,,,,
2026-01-28,132.2,14.8,36.3,60.1,12.2,88.6,36.0,,,,,124.6,,,,,,,,,351.5,,,,,,,,,,21.0,30.0,25.5,,,,66.925,0.0,0.0,1.712,66.925,,,,,
2026-01-29,133.3,15.0,36.5,60.8,12.1,89.5,34.4,,,,,123.9,,,,,,,,,348.7,,,,,,,,,,21.0,30.0,25.5,,,,66.68,0.0,0.0,1.93,66.68,,,,,
2026-01-30,132.9,15.4,36.3,59.5,12.299999999999999,85.7,36.6,,,,,122.3,,,,,,,,,345.2,,,,,,,,,,23.0,30.0,26.5,,,,67.103,0.0,0.013,2.039,67.103,,,,,
2026-01-31,125.7,13.2,34.8,56.3,12.1,89.0,34.6,,,,,123.6,,,,,,,,,340.9,,,,,,,,,,22.0,29.0,25.5,,,,58.937,0.0,0.0,1.944,58.937,,,,,
2026-02-01,120.3,11.4,34.2,54.7,11.3,86.2,36.0,,,,,122.2,,,,,,,,,346.1,,,,,,,,,,22.0,31.0,26.5,,,,55.439,0.0,0.0,1.852,55.439,,,,,
2026-02-02,130.0,15.3,35.9,57.9,11.8,88.0,35.9,,,,,123.9,,,,,,,,,350.5,,,,,,,,,,23.0,34.0,28.5,,,,63.35,0.0,0.0,1.966,63.35,,,,,
2026-02-03,134.1,13.8,36.3,64.7,10.6,90.8,37.3,,,,,128.1,,,,,,,,,351.2,,,,,,,,,,25.0,36.0,30.5,,,,69.705,0.0,0.0,2.077,69.705,,,,,
2026-02-04,131.8,14.7,36.9,60.8,10.6,90.2,37.1,,,,,127.3,,,,,,,,,348.1,,,,,,,,,,23.0,32.0,27.5,,,,63.48,0.0,0.0,2.102,63.48,,,,,
2026-02-05,129.9,14.7,36.3,59.0,11.1,89.0,37.2,,,,,126.2,,,,,,,,,342.8,,,,,,,,,,23.0,31.0,27.0,,,,62.814,0.257,0.0,1.906,62.814,,,,,
2026-02-06,127.3,16.2,37.2,52.1,12.399999999999999,88.8,36.0,,,,,124.8,,,,,,,,,342.8,,,,,,,,,,18.0,28.0,23.0,,,,55.784,0.0,0.0,1.862,55.784,,,,,
2026-02-07,120.0,13.3,36.0,52.2,9.2,88.4,34.4,,,,,122.8,,,,,,,,,343.6,,,,,,,,,,17.0,32.0,24.5,,,,56.249,0.0,0.0,1.597,56.249,,,,,
2026-02-08,109.2,11.9,35.3,44.6,8.7,85.9,33.5,,,,,119.4,,,,,,,,,348.2,,,,,,,,,,22.0,31.0,26.5,,,,53.332,0.0,0.0,1.577,53.332,,,,,
2026-02-09,122.0,14.7,36.7,52.5,9.3,87.0,34.9,,,,,121.9,,,,,,,,,354.4,,,,,,,,,,22.0,31.0,26.5,,,,63.89,0.0,0.0,1.823,63.89,,,,,
2026-02-10,130.5,14.9,36.2,59.7,10.7,,,,,,,,,,,,,,,,351.8,,,,,,,,,,22.0,34.0,28.0,,,,66.309,0.0,0.0,2.024,66.309,,,,,
2026-02-11,128.1,16.3,35.8,56.8,10.6,,,,,,,,,,,,,,,,345.4,,,,,,,,,,23.0,31.0,27.0,,,,62.992,0.0,0.0,0.0,62.992,,,,,
2026-02-12,124.1,17.0,35.1,52.4,10.6,85.2,34.8,,,,,120.0,,,,,,,,,343.4,,,,,,,,,,21.0,28.0,24.5,,,,58.941,0.0,0.0,0.0,58.941,,,,,
2026-02-13,126.4,19.1,36.1,51.4,10.8,85.7,34.2,,,,,119.9,,,,,,,,,340.4,,,,,,,,,,17.0,27.0,22.0,,,,53.544,0.0,0.0,0.0,53.544,,,,,
2026-02-14,105.8,15.4,35.4,37.3,8.8,85.6,33.7,,,,,119.3,,,,,,,,,339.5,,,,,,,,,,18.0,26.0,22.0,,,,43.396,0.0,0.0,0.0,43.396,,,,,
2026-02-15,103.6,12.7,34.8,38.8,9.0,83.0,33.6,,,,,116.6,,,,,,,,,345.6,,,,,,,,,,22.0,27.0,24.5,,,,46.236,0.0,0.0,0.0,46.236,,,,,
2026-02-16,108.9,12.6,34.9,44.2,8.8,78.9,33.0,,,,,111.9,,,,,,,,,353.7,,,,,,,,,,20.0,30.0,25.0,,,,48.014,0.0,0.0,0.0,48.014,,,,,
2026-02-17,111.9,12.4,35.0,46.2,9.8,81.9,34.8,,,,,116.7,,,,,,,,,359.8,,,,,,,,,,22.0,30.0,26.0,,,,51.941,0.0,0.0,0.0,51.941,,,,,
2026-02-18,129.3,14.3,35.8,61.9,8.5,85.7,33.2,,,,,118.9,,,,,,,,,362.6,,,,,,,,,,21.0,31.0,26.0,,,,68.142,0.0,0.0,0.0,68.142,,,,,
2026-02-19,133.6,15.3,35.9,61.8,11.5,86.5,35.3,,,,,121.8,,,,,,,,,344.9,,,,,,,,,,23.0,29.0,26.0,,,,63.748,0.0,0.0,0.0,63.748,,,,,
2026-02-20,128.5,15.4,37.3,55.8,11.0,83.8,36.3,,,,,120.1,,,,,,,,,342.5,,,,,,,,,,19.0,28.0,23.5,,,,58.859,0.0,0.0,0.0,58.859,,,,,
2026-02-21,114.6,13.4,35.9,46.2,10.299999999999999,84.6,34.9,,,,,119.5,,,,,,,,,340.8,,,,,,,,,,20.0,28.0,24.0,,,,50.831,0.0,0.0,0.0,50.831,,,,,
2026-02-22,110.3,12.2,35.4,44.5,9.8,84.4,34.2,,,,,118.6,,,,,,,,,344.1,,,,,,,,,,21.0,28.0,24.5,,,,49.469,0.0,0.0,0.0,49.469,,,,,
2026-02-23,123.3,14.9,36.7,53.1,9.8,82.7,33.4,,,,,116.1,,,,,,,,,351.3,,,,,,,,,,22.0,29.0,25.5,,,,60.91,0.0,0.0,0.0,60.91,,,,,
2026-02-24,126.4,15.8,37.4,55.9,9.2,82.0,32.0,,,,,114.0,,,,,,,,,343.7,,,,,,,,,,21.0,32.0,26.5,,,,58.956,0.0,0.0,0.0,58.956,,,,,
2026-02-25,123.2,17.1,36.8,51.0,9.7,83.5,33.6,,,,,117.1,,,,,,,,,334.6,,,,,,,,,,15.0,26.0,20.5,,,,53.867,0.0,0.01,0.0,53.867,,,,,
2026-02-26,121.3,16.8,36.7,47.9,11.0,84.7,31.5,,,,,116.2,,,,,,,,,331.7,,,,,,,,,,16.0,26.0,21.0,,,,50.992,0.0,0.0,0.0,50.992,,,,,
2026-02-27,119.4,15.7,36.8,47.4,10.4,87.2,37.5,,,,,124.7,,,,,,,,,329.7,,,,,,,,,,20.0,28.0,24.0,,,,50.434,0.0,0.0,0.0,50.434,,,,,
2026-02-28,114.7,12.7,35.4,48.0,9.8,86.1,37.4,,,,,123.5,,,,,,,,,330.0,,,,,,,,,,21.0,31.0,26.0,,,,48.217,0.0,0.0,0.0,48.217,,,,,
2026-03-01,106.9,11.4,35.2,42.3,9.8,86.2,36.2,,,,,122.4,,,,,,,,,340.3,,,,,,,,,,20.0,32.0,26.0,,,,47.696,0.0,0.0,0.0,47.696,,,,,
2026-03-02,127.7,14.7,36.1,58.5,9.8,88.2,35.0,,,,,123.2,,,,,,,,,352.7,,,,,,,,,,22.0,31.0,26.5,,,,62.601,0.0,0.0,0.0,62.601,,,,,
2026-03-03,128.4,16.2,36.3,56.1,11.1,87.8,35.7,,,,,123.5,,,,,,,,,350.1,,,,,,,,,,20.0,28.0,24.0,,,,58.79,0.0,0.0,0.0,58.79,,,,,
2026-03-04,126.8,17.5,36.7,53.0,11.0,88.7,35.8,,,,,124.5,,,,,,,,,349.2,,,,,,,,,,19.0,29.0,24.0,,,,55.628,0.0,0.0,0.0,55.628,,,,,
2026-03-05,120.0,20.3,36.8,44.2,10.100000000000001,81.2,35.2,,,,,116.4,,,,,,,,,348.8,,,,,,,,,,19.0,26.0,22.5,,,,56.032,0.0,0.0,0.0,56.032,,,,,
2026-03-06,123.1,19.6,36.7,48.1,9.8,82.8,35.4,,,,,118.2,,,,,,,,,343.0,,,,,,,,,,21.0,25.0,23.0,,,,52.977,0.0,0.0,0.0,52.977,,,,,
2026-03-07,110.3,15.8,35.8,40.1,9.8,83.9,35.2,,,,,119.1,,,,,,,,,341.1,,,,,,,,,,20.0,25.0,22.5,,,,44.855,0.0,0.0,0.0,44.855,,,,,
2026-03-08,98.1,14.8,35.0,30.2,9.7,80.7,34.8,,,,,115.5,,,,,,,,,349.9,,,,,,,,,,19.0,24.0,21.5,,,,37.7,0.0,0.0,0.0,37.7,,,,,
2026-03-09,116.2,17.8,35.7,42.9,10.8,81.6,34.9,,,,,116.5,,,,,,,,,363.4,,,,,,,,,,18.0,25.0,21.5,,,,45.839,0.0,0.0,0.0,45.839,,,,,
2026-03-10,120.7,17.7,36.0,48.2,10.4,82.2,35.4,,,,,117.6,,,,,,,,,362.3,,,,,,,,,,18.0,25.0,21.5,,,,54.51,0.0,0.0,0.0,54.51,,,,,
2026-03-11,121.9,17.3,36.7,48.3,11.0,86.8,36.3,,,,,123.1,,,,,,,,,358.2,,,,,,,,,,19.0,26.0,22.5,,,,48.787,0.0,0.0,0.0,48.787,,,,,
2026-03-12,122.9,17.2,37.4,48.0,11.3,87.7,36.5,,,,,124.2,,,,,,,,,361.1,,,,,,,,,,21.0,26.0,23.5,,,,51.395,0.0,0.0,0.0,51.395,,,,,
2026-03-13,124.8,18.4,36.1,50.1,11.3,86.2,35.6,,,,,121.8,,,,,,,,,361.4,,,,,,,,,,19.0,27.0,23.0,,,,52.319,0.0,0.0,0.0,52.319,,,,,
2026-03-14,116.8,15.9,35.9,46.0,10.0,88.5,35.2,,,,,123.7,,,,,,,,,355.0,,,,,,,,,,20.0,27.0,23.5,,,,49.639,0.0,0.0,0.0,49.639,,,,,
2026-03-15,115.6,15.0,35.6,44.2,11.0,88.0,33.9,,,,,121.9,,,,,,,,,359.5,,,,,,,,,,19.0,32.0,25.5,,,,44.963,0.0,0.0,0.0,44.963,,,,,
2026-03-16,127.5,16.8,36.3,54.6,9.8,85.8,32.4,,,,,118.2,,,,,,,,,363.3,,,,,,,,,,24.0,29.0,26.5,,,,59.653,0.0,0.0,0.0,59.653,,,,,
2026-03-17,127.3,19.7,37.1,50.3,11.799999999999999,,,,,,,,,,,,,,,,354.6,,,,,,,,,,21.0,28.0,24.5,,,,56.662,0.0,0.0,0.0,56.662,,,,,
2026-03-18,126.2,19.7,37.4,48.7,11.6,,,,,,,,,,,,,,,,342.2,,,,,,,,,,16.0,26.0,21.0,,,,51.25,0.0,0.0,0.0,51.25,,,,,
2026-03-19,126.1,21.3,38.1,46.9,11.0,87.7,33.1,,,,,120.8,,,,,,,,,334.4,,,,,,,,,,18.0,25.0,21.5,,,,51.093,0.0,0.0,0.0,51.093,,,,,
2026-03-20,127.9,21.6,37.3,49.0,10.7,88.7,34.4,,,,,123.1,,,,,,,,,330.3,,,,,,,,,,20.0,27.0,23.5,,,,51.587,0.0,0.0,0.0,51.587,,,,,
2026-03-21,113.5,19.9,36.0,38.3,10.299999999999999,88.9,37.4,,,,,126.3,,,,,,,,,329.8,,,,,,,,,,19.0,24.0,21.5,,,,43.739,0.0,0.0,0.0,43.739,,,,,
2026-03-22,110.8,20.1,36.1,35.4,10.799999999999999,86.2,35.7,,,,,121.9,,,,,,,,,340.1,,,,,,,,,,13.0,24.0,18.5,,,,38.738,0.0,0.0,0.0,38.738,,,,,
2026-03-23,111.3,22.6,35.7,33.5,10.899999999999999,85.9,29.6,,,,,115.5,,,,,,,,,351.4,,,,,,,,,,17.0,23.0,20.0,,,,40.594,0.0,0.0,0.0,40.594,,,,,
2026-03-24,111.7,21.5,36.0,34.9,10.7,88.9,33.5,,,,,122.4,,,,,,,,,354.0,,,,,,,,,,10.0,23.0,16.5,,,,39.527,0.0,0.0,0.0,39.527,,,,,
2026-03-25,126.5,24.4,37.9,43.6,10.899999999999999,90.5,33.3,,,,,123.8,,,,,,,,,354.4,,,,,,,,,,12.0,25.0,18.5,,,,45.162,0.0,0.0,0.0,45.162,,,,,
2026-03-26,121.1,23.3,37.9,43.3,8.1,87.2,32.6,,,,,119.8,,,,,,,,,351.7,,,,,,,,,,15.0,27.0,21.0,,,,49.327,0.0,0.0,0.0,49.327,,,,,
2026-03-27,123.7,22.0,38.3,45.2,9.4,85.8,34.2,,,,,120.0,,,,,,,,,344.8,,,,,,,,,,20.0,27.0,23.5,,,,52.477,0.097,0.0,0.0,52.477,,,,,
2026-03-28,116.0,17.3,38.0,41.8,10.1,91.6,35.3,,,,,126.9,,,,,,,,,335.5,,,,,,,,,,21.0,27.0,24.0,,,,50.204,0.107,0.0,0.0,50.204,,,,,
2026-03-29,122.1,16.2,37.8,49.7,10.1,92.0,35.0,,,,,127.0,,,,,,,,,338.0,,,,,,,,,,21.0,29.0,25.0,,,,49.078,0.142,0.0,0.0,49.078,,,,,
2026-03-30,127.0,18.8,38.5,50.7,10.3,91.5,35.3,,,,,126.8,,,,,,,,,350.3,,,,,,,,,,21.0,29.0,25.0,,,,53.83,8.23,1.31,0.0,63.37,,,,,
2026-03-31,127.7,18.8,37.9,50.4,11.8,89.9,34.6,,,,,124.5,,,,,,,,,352.3,,,,,,,,,,22.0,29.0,25.5,,,,55.31,13.89,1.18,1.05,71.43,,,,,
2026-04-01,131.6,18.5,36.7,54.4,11.0,69.3,34.3,22.8,20.9,1.9,0.0,126.4,217.8,,215.0,235.0,124.89,,110.0,142.0,342.69,,325.0,377.0,0.0,0.0,0.0,0.0,0.0,0.0,21.0,28.0,24.5,0.0,13.0,6.5,58.69,10.51,0.8,1.8,71.8,,,,,
2026-04-02,122.3,18.0,36.5,49.5,11.4,67.4,34.0,19.5,19.5,0.0,0.0,120.9,216.66,-1.13,215.0,235.0,126.04,1.15,110.0,142.0,342.7,,325.0,377.0,0.0,0.0,0.0,0.0,0.0,0.0,20.0,26.0,23.0,0.0,15.0,7.5,58.02,0.11,0.0,1.76,59.89,,,,,
2026-04-03,116.8,18.1,34.9,44.8,10.8,65.9,32.1,19.1,19.1,0.0,0.0,117.1,215.09,-1.58,215.0,235.0,129.32,3.28,110.0,142.0,344.41,,325.0,377.0,0.0,0.0,0.0,0.0,0.0,0.0,19.0,29.0,24.0,3.0,13.0,8.0,50.21,0.13,0.0,1.81,52.15,,,,,
2026-04-04,111.3,21.6,34.7,36.1,8.5,65.3,32.6,20.1,20.1,0.0,0.0,118.0,220.23,5.15,215.0,235.0,132.94,3.62,110.0,142.0,353.17,,325.0,377.0,0.0,0.0,0.0,0.0,0.0,0.0,14.0,19.0,16.5,0.0,17.0,8.5,42.33,0.12,0.01,1.9,44.35,,,,,
2026-04-05,105.8,23.8,33.5,29.0,8.9,52.7,33.2,20.2,20.2,0.0,0.0,106.1,220.85,0.62,215.0,235.0,134.45,1.51,110.0,142.0,355.3,2.13,325.0,377.0,0.0,0.0,0.0,0.0,0.0,0.0,12.0,19.0,15.5,4.0,17.0,10.5,33.26,0.07,0.0,2.02,35.35,,,,,
2026-04-06,120.3,28.2,37.2,37.3,10.9,66.8,32.0,20.2,20.2,0.0,0.0,119.0,225.25,4.4,215.0,235.0,130.12,-4.33,110.0,142.0,355.37,0.07,325.0,377.0,0.0,0.0,0.0,0.0,0.0,0.0,15.0,17.0,16.0,1.0,17.0,9.0,41.06,0.39,0.0,1.92,43.37,,,,,
2026-04-07,125.6,29.4,37.9,39.3,11.2,70.0,33.4,20.9,20.9,0.0,0.0,124.3,227.73,2.48,215.0,235.0,127.75,-2.37,110.0,142.0,355.48,0.11,325.0,377.0,0.0,0.0,0.0,0.0,0.0,0.0,17.0,18.0,17.5,5.0,17.0,11.0,44.13,0.14,0.0,2.02,46.29,,,,,
2026-04-08,126.8,28.3,39.2,39.4,11.3,69.9,34.9,20.8,20.8,0.0,0.0,125.6,228.5,0.77,215.0,235.0,127.13,-0.62,110.0,142.0,355.63,0.15,325.0,377.0,0.0,0.0,0.0,0.0,0.0,0.0,14.0,19.0,16.5,2.0,18.0,10.0,43.41,0.73,0.0,1.29,45.43,,,,,
2026-04-09,125.3,27.9,37.7,37.2,11.2,70.0,35.9,20.5,20.5,0.0,0.0,126.4,226.87,-1.63,215.0,235.0,130.64,3.5,110.0,142.0,357.51,1.87,325.0,377.0,0.0,0.0,0.0,0.0,0.0,0.0,13.0,20.0,16.5,2.0,19.0,10.5,44.04,0.02,0.0,0.0,44.06,,,,,
2026-04-10,124.2,27.8,38.2,35.1,10.8,71.3,33.3,20.3,20.3,0.0,0.0,124.9,229.32,2.45,215.0,235.0,130.56,-0.08,110.0,142.0,359.88,2.37,325.0,377.0,0.0,0.0,0.0,0.0,0.0,0.0,11.0,21.0,16.0,3.0,20.0,11.5,39.45,0.79,0.0,0.0,40.24,,,,,
2026-04-11,110.0,22.3,37.7,27.2,11.5,71.6,34.1,16.0,16.0,0.0,0.0,121.7,235.81,6.49,215.0,235.0,134.07,3.52,110.0,142.0,369.88,10.01,325.0,377.0,0.0,0.0,0.0,0.0,0.0,0.0,12.0,21.0,16.5,6.0,14.0,10.0,30.95,0.09,0.0,0.0,31.04,,,,,
2026-04-12,108.2,21.6,37.7,27.2,11.5,71.6,34.1,13.0,13.0,0.0,0.0,118.7,235.83,-235.81,215.0,235.0,134.07,-134.07,110.0,142.0,369.9,-369.88,325.0,377.0,0.0,0.0,0.0,0.0,0.0,0.0,13.0,22.0,17.5,3.0,13.0,8.0,32.19,0.04,0.0,0.0,32.23,,,,,
2026-04-13,119.7,25.9,38.7,34.5,9.8,62.9,31.8,16.0,16.0,0.0,0.0,110.7,235.47,-4.98,215.0,235.0,136.17,2.1,110.0,142.0,371.6,-5.1,325.0,377.0,0.0,0.0,0.0,0.0,0.0,0.0,17.0,21.0,19.0,2.0,18.0,10.0,40.34,0.11,0.0,0.0,40.44,,,,,
2026-04-14,116.54,23.39,36.98,35.59,10.58,62.9,31.8,17.0,17.0,0.0,0.0,111.7,230.5,-4.67,215.0,235.0,136.01,-0.16,110.0,142.0,366.5,-8.3,325.0,377.0,0.0,0.0,0.0,0.0,0.0,0.0,18.0,24.0,21.0,4.0,14.0,9.0,40.59,0.11,0.0,0.0,40.7,,,,,
2026-04-15,117.05,23.91,36.97,35.6,10.56,62.9,31.8,17.0,17.0,0.0,0.0,111.7,225.8,-5.78,215.0,235.0,132.41,-3.6,110.0,142.0,358.2,-6.5,325.0,377.0,0.0,0.0,0.0,0.0,0.0,0.0,20.0,22.0,21.0,1.0,18.0,9.5,40.6,0.11,0.0,0.0,40.71,,,,,
2026-04-16,117.63,24.3,36.99,35.59,10.75,62.9,31.8,17.0,17.0,0.0,0.0,111.7,220.0,-2.67,215.0,235.0,131.69,-0.72,110.0,142.0,351.7,-3.5,325.0,377.0,0.0,0.0,0.0,0.0,0.0,0.0,19.0,25.0,22.0,9.0,16.0,12.5,40.59,0.11,0.0,0.0,40.7,,,,,
2026-04-17,118.0,24.75,37.02,35.31,10.92,62.9,31.8,17.0,17.0,0.0,0.0,111.7,216.02,-0.66,215.0,235.0,,,110.0,142.0,348.2,,325.0,377.0,0.0,0.0,0.0,0.0,0.0,0.0,17.0,24.0,20.5,7.0,17.0,12.0,40.31,0.12,0.0,0.0,40.43,,,,,
2026-04-18,116.3,25.23,37.18,32.98,10.92,62.9,31.8,17.0,17.0,0.0,0.0,111.7,216.08,0.06,215.0,235.0,,,110.0,142.0,347.9,,325.0,377.0,0.0,0.0,0.0,0.0,0.0,0.0,15.0,22.0,18.5,2.0,13.0,7.5,37.98,0.06,0.0,0.0,38.04,,,,,
2026-04-19,112.71,25.48,37.35,28.98,10.89,62.9,31.8,17.0,17.0,0.0,0.0,111.7,216.1,1.73,215.0,235.0,133.15,1.46,110.0,142.0,349.2,5.9,325.0,377.0,0.0,0.0,0.0,0.0,0.0,0.0,16.0,22.0,19.0,2.0,9.0,5.5,33.98,0.01,0.0,0.0,34.0,,,,,
2026-04-20,143.9,32.1,39.5,40.5,5.9,70.3,28.9,0.0,0.0,0.0,0.0,120.1,217.8,-4.81,215.0,235.0,137.33,4.18,110.0,142.0,355.1,-7.9,325.0,377.0,0.0,0.0,0.0,0.0,0.0,0.0,13.0,19.0,16.0,1.0,12.0,6.5,43.158,0.207,0.0,0.0,43.158,,,,,
2026-04-21,145.9,33.8,39.2,39.9,6.0,71.0,29.6,0.0,0.0,0.0,0.0,122.2,213.0,-2.75,215.0,235.0,134.2,-3.13,110.0,142.0,347.2,-8.1,325.0,377.0,0.0,0.0,0.0,0.0,0.0,0.0,10.0,18.0,14.0,1.0,16.0,8.5,47.065,0.0,0.0,0.0,47.065,,,,,
2026-04-22,143.6,34.7,35.6,34.8,10.7,70.9,36.6,21.5,21.5,0.6,0.0,129.0,214.63,4.37,215.0,235.0,128.79,-5.41,110.0,142.0,339.1,1.9,312.0,368.0,78.36,,,13.07,,,12.0,21.0,16.2,,,,42.698,0.433,0.0,0.0,42.698,,,,,
2026-04-23,139.1,34.3,35.7,34.3,9.600000000000001,71.4,34.8,19.8,19.8,0.6,0.0,126.0,218.97,4.35,215.0,235.0,126.33,-2.46,110.0,142.0,341.0,2.9,312.0,368.0,81.4,,,13.07,,,12.0,22.0,17.7,,,,39.269,0.0,0.0,0.0,39.269,,,,,
2026-04-24,119.5,35.5,34.9,34.4,6.0,85.8,28.5,,,,,114.3,213.96,-5.01,215.0,235.0,,,110.0,142.0,343.8,,312.0,368.0,,,,,,,12.0,24.0,18.0,,,,41.19,0.0,0.009,0.0,41.19,,,,,
2026-04-25,112.6,33.7,34.3,30.1,6.0,80.6,36.4,,,,,117.0,212.08,-1.88,215.0,235.0,,,110.0,142.0,335.5,,312.0,368.0,,,,,,,14.0,23.0,18.5,,,,35.938,0.0,0.0,0.518,35.938,,,,,
2026-04-26,137.4,40.3,32.8,27.7,9.6,69.8,37.8,16.2,16.2,2.0,0.0,123.8,211.96,-0.12,215.0,235.0,128.64,2.31,110.0,142.0,340.7,1.2,312.0,368.0,75.88,,,12.45,,,12.0,17.0,13.4,,,,29.436,0.0,0.0,1.687,29.436,,,,,
2026-04-27,156.2,50.0,36.5,34.7,5.7,73.6,31.4,24.5,24.5,1.8,0.0,129.5,208.76,-3.2,215.0,235.0,129.95,1.31,110.0,142.0,341.9,-10.6,312.0,368.0,74.8,,,12.33,,,7.0,18.0,11.8,,,,38.573,0.0,0.0,1.988,38.573,,,,,
2026-04-28,151.4,47.3,35.2,29.1,11.2,72.6,38.2,21.8,21.8,2.3,0.0,132.6,208.16,-0.6,215.0,235.0,122.63,-7.32,110.0,142.0,331.3,-2.6,312.0,368.0,72.87,,,14.41,,,10.0,20.0,15.8,,,,35.385,1.26,0.0,2.08,35.385,,,,,
2026-04-29,143.4,42.8,33.9,29.3,9.2,67.2,40.7,21.0,21.0,3.7,0.0,129.0,204.96,-3.2,215.0,235.0,124.75,2.12,110.0,142.0,328.7,0.9,312.0,368.0,72.25,,,14.19,,,12.0,23.0,16.0,,,,33.666,0.079,0.0,1.985,33.666,NORMAL,,,,
2026-04-30,126.5,42.3,35.4,30.0,9.8,,,,,,,,205.66,0.7,215.0,235.0,126.26,1.51,110.0,142.0,329.7,,312.0,368.0,,,,,,,8.0,23.0,15.5,,,,34.743,0.0,0.0,2.074,34.743,NORMAL,,,,
2026-05-01,117.0,40.6,33.6,25.1,9.1,,,,,,,,215.07,9.42,215.0,235.0,137.25,10.99,110.0,142.0,331.9,,312.0,368.0,,,,,,,13.0,25.0,19.0,,,,28.197,0.0,0.0,1.904,28.197,NORMAL,,,,
2026-05-02,123.4,41.7,34.4,29.8,8.6,,,,,,,,218.94,1.37,215.0,235.0,138.94,1.69,110.0,142.0,352.3,,312.0,368.0,,,,,,,13.0,18.0,15.5,,,,34.902,0.0,0.0,1.889,34.902,NORMAL,,,,
2026-05-03,139.9,49.3,32.1,30.3,9.6,73.3,37.3,22.3,22.3,3.5,0.0,132.9,224.72,5.78,215.0,235.0,137.96,-0.98,110.0,142.0,355.3,7.3,312.0,368.0,82.64,,,17.47,,,5.0,18.0,11.1,,,,35.057,0.0,0.0,1.865,35.057,NORMAL,,,,
2026-05-04,150.3,44.1,34.5,35.2,10.0,70.2,41.2,22.2,22.2,3.5,0.0,133.6,223.04,-1.69,215.0,235.0,137.77,-0.19,110.0,142.0,362.6,-1.8,312.0,368.0,80.97,,,15.56,,,10.0,21.0,16.7,,,,37.45,0.0,0.0,1.902,37.45,NORMAL,,,,
2026-05-05,147.9,39.0,35.7,34.7,10.6,71.4,39.4,22.9,22.9,2.7,0.0,133.8,225.59,2.55,215.0,235.0,137.06,-0.71,110.0,142.0,360.8,1.8,312.0,368.0,85.15,,,15.85,,,13.0,24.0,20.3,,,,38.99,0.032,0.0,2.021,38.99,NORMAL,,,,
2026-05-06,140.8,36.9,33.8,34.3,11.8,74.1,36.8,19.7,19.7,0.1,0.0,130.6,232.47,6.89,215.0,235.0,136.23,-0.83,110.0,142.0,362.6,6.0,312.0,368.0,88.22,,,17.56,,,19.0,23.0,22.1,,,,38.264,0.088,0.0,2.078,38.264,NORMAL,,,,
2026-05-07,145.7,45.9,34.5,31.1,9.9,74.2,38.4,20.6,20.6,1.1,0.0,133.2,232.79,0.32,215.0,235.0,139.4,3.17,110.0,142.0,368.7,3.5,312.0,368.0,85.49,,,17.5,,,15.0,20.0,13.9,,,,36.157,0.0,0.0,1.97,36.157,ALERTA,,,,
2026-05-08,136.5,52.8,34.5,30.6,9.6,97.2,36.5,,,,,133.7,228.64,-4.15,215.0,235.0,134.67,-4.73,110.0,142.0,372.2,,312.0,368.0,,,,,,,7.0,13.0,10.0,,,,35.281,0.0,0.0,1.928,35.281,NORMAL,,,,
2026-05-09,135.2,54.4,33.4,29.0,9.6,97.6,34.2,,,,,131.8,225.16,-3.48,215.0,235.0,128.27,-6.4,110.0,142.0,363.3,,312.0,368.0,,,,,,,6.0,13.0,9.5,,,,34.727,0.0,0.548,1.789,34.727,NORMAL,,,,
2026-05-10,154.3,62.4,32.3,27.0,6.7,74.3,36.4,23.3,23.3,1.5,0.0,134.0,223.88,-1.28,215.0,235.0,125.44,-2.83,110.0,142.0,353.4,-4.1,312.0,368.0,79.12,,,13.55,,,3.0,15.0,10.3,,,,32.033,0.0,0.169,1.875,32.033,ALERTA,,,,
2026-05-11,152.8,60.4,34.0,25.1,7.5,72.1,39.5,23.1,23.1,1.9,0.0,134.7,222.94,-0.94,215.0,235.0,124.13,-1.31,110.0,142.0,349.3,-2.3,312.0,368.0,77.9,,,13.16,,,4.0,16.0,12.9,,,,29.941,0.0,0.47,2.155,29.941,ALERTA,,,,
2026-05-12,152.0,57.9,34.0,26.4,8.6,72.6,41.6,23.1,23.1,1.3,0.0,137.4,223.0,0.06,215.0,235.0,125.24,1.11,110.0,142.0,347.0,1.2,312.0,368.0,79.44,,,13.94,,,9.0,21.0,15.5,,,,30.305,6.448,0.977,2.104,30.305,ALERTA,,,,
2026-05-13,156.1,60.7,34.5,26.6,8.2,74.6,41.4,22.7,22.7,1.3,0.0,138.8,221.29,-1.71,215.0,235.0,125.58,0.34,110.0,142.0,348.2,-1.4,312.0,368.0,79.06,,,14.03,,,9.0,16.0,12.6,,,,30.802,0.0,1.06,2.26,30.802,ALERTA,,,,
2026-05-14,156.3,60.3,34.3,27.8,8.0,74.4,39.5,23.5,23.5,1.1,0.0,137.4,221.09,-0.2,215.0,235.0,123.74,-1.84,110.0,142.0,346.8,-2.0,312.0,368.0,79.02,,,13.34,,,10.0,18.0,12.2,,,,32.044,6.065,1.456,2.143,32.044,ALERTA,,,,
2026-05-15,132.9,56.5,34.6,24.6,8.1,98.3,39.1,,,,,137.4,221.88,0.79,215.0,235.0,123.06,-0.68,110.0,142.0,345.0,,312.0,368.0,,,,,,,8.0,19.0,13.5,,,,30.256,0.0,0.7,0.437,30.256,ALERTA,,,,
2026-05-16,133.2,58.4,34.2,25.0,6.7,96.7,38.7,,,,,135.4,223.58,1.7,215.0,235.0,125.11,2.05,110.0,142.0,344.9,,312.0,368.0,,,,,,,12.0,17.0,14.5,,,,30.355,0.0,1.248,0.231,30.355,ALERTA,,,,
2026-05-17,156.7,65.4,31.8,26.2,6.5,75.0,40.3,23.1,23.1,1.4,6.1,144.5,223.69,0.11,215.0,235.0,129.53,4.42,110.0,142.0,348.7,4.5,312.0,368.0,83.37,,,14.0,,,9.0,15.0,11.1,,,,30.736,0.0,1.246,1.186,30.736,NORMAL,,,,
2026-05-18,169.4,69.1,34.8,29.9,5.9,75.6,36.6,23.3,23.3,1.3,10.1,145.6,220.59,-3.09,215.0,235.0,125.0,-4.53,110.0,142.0,353.2,-7.6,312.0,368.0,81.22,,,13.69,,,3.0,17.0,10.7,,,,33.758,0.0,1.036,2.322,33.758,ALERTA,,,,
2026-05-19,163.7,65.9,33.9,30.1,6.199999999999999,73.0,37.2,22.8,22.8,1.2,10.6,143.5,218.19,-2.41,215.0,235.0,123.1,-1.9,110.0,142.0,345.6,-4.3,312.0,368.0,81.27,,,14.01,,,6.0,19.0,12.3,,,,34.442,0.0,1.213,2.184,34.442,ALERTA,,,,
2026-05-20,167.7,68.2,33.3,31.0,7.7,73.1,39.0,23.7,23.7,1.8,7.6,143.5,212.35,-5.83,215.0,235.0,121.78,-1.32,110.0,142.0,341.3,-7.2,312.0,368.0,78.2,,,13.16,,,8.0,15.0,11.5,,,,35.144,0.653,2.248,2.273,35.144,ALERTA,,,,
2026-05-21,167.8,71.1,32.8,30.7,4.3,76.6,42.1,23.9,23.9,2.0,8.5,151.1,211.41,-0.94,215.0,235.0,123.56,1.78,110.0,142.0,334.1,0.9,312.0,368.0,71.68,,,12.62,,,6.0,13.0,8.4,,,,35.638,10.031,3.02,2.315,35.638,ALERTA,,,,
2026-05-22,146.5,66.9,32.9,29.8,7.1,100.9,34.4,,,,,135.3,214.64,3.23,215.0,235.0,121.0,-2.56,110.0,142.0,335.0,,312.0,368.0,,,,,,,5.0,13.0,9.0,,,,34.422,10.156,2.109,2.292,34.422,ALERTA,,,,
2026-05-23,142.1,63.8,32.1,29.8,6.6,101.4,35.2,,,,,136.6,218.66,4.02,215.0,235.0,124.39,3.39,110.0,142.0,335.6,,312.0,368.0,,,,,,,10.0,15.0,12.5,,,,34.269,2.505,1.903,2.27,34.269,ALERTA,,,,
2026-05-24,138.0,60.6,31.8,29.8,6.6,98.4,39.6,,,,,138.0,220.0,1.34,215.0,235.0,126.54,2.15,110.0,142.0,343.0,,312.0,368.0,,,,,,,9.0,16.0,12.5,,,,35.632,0.413,0.956,2.214,35.632,ALERTA,,,,
2026-05-25,160.7,62.0,30.8,32.6,7.1000000000000005,73.7,41.4,24.4,24.4,2.0,3.0,142.6,219.25,-0.75,215.0,235.0,126.55,0.01,110.0,142.0,346.5,-0.8,312.0,368.0,80.18,,,13.37,,,9.0,17.0,12.7,,,,36.557,0.541,0.588,2.217,36.557,ALERTA,,,,
2026-05-26,164.5,66.5,33.0,31.6,4.3999999999999995,76.5,40.5,24.1,24.1,3.8,3.0,144.1,216.32,-2.93,215.0,235.0,126.45,-0.1,110.0,142.0,345.8,-3.0,312.0,368.0,75.9,,,13.77,,,,,12.1,,,,37.153,5.884,0.612,2.275,37.153,ALERTA,,,,
2026-05-27,162.4,67.6,32.7,27.1,7.0,76.5,42.5,24.2,24.2,3.5,0.0,143.2,216.94,0.62,215.0,235.0,124.66,-1.79,110.0,142.0,342.7,-1.2,312.0,368.0,75.38,,,12.96,,,9.0,16.0,13.3,,,,32.301,12.35,1.16,2.117,32.301,ALERTA,,,,
2026-05-28,157.5,66.7,32.5,25.8,4.7,76.9,40.8,24.2,24.2,4.1,0.0,142.0,218.22,1.28,215.0,235.0,125.62,0.96,110.0,142.0,341.6,2.2,312.0,368.0,76.8,,,13.33,,,11.0,16.0,13.8,,,,30.614,14.879,1.494,2.314,30.614,ALERTA,,,,
2026-05-29,135.7,62.2,32.7,25.3,5.3999999999999995,96.4,37.8,,,,,134.2,217.5,-0.72,215.0,235.0,125.93,0.31,110.0,142.0,343.8,,312.0,368.0,,,,,,,12.0,16.0,14.0,,,,30.473,12.602,1.488,2.287,30.473,ALERTA,,,,
2026-05-30,130.4,58.6,32.2,22.5,7.1,96.9,37.7,,,,,134.6,217.82,0.32,215.0,235.0,125.03,-0.9,110.0,142.0,343.4,,312.0,368.0,,,,,,,10.0,16.0,13.0,,,,29.351,7.193,1.739,2.287,29.351,ALERTA,,,,
2026-05-31,151.0,59.9,30.3,25.1,8.2,72.5,39.7,23.9,23.9,0.6,3.0,139.1,219.56,1.75,215.0,235.0,129.57,4.54,110.0,142.0,342.8,6.3,312.0,368.0,81.81,,,15.04,,,3.0,18.0,12.0,,,,29.425,5.83,1.238,2.162,29.425,NORMAL,,,,
2026-06-01,169.0,66.6,33.1,35.9,9.3,73.2,42.1,24.0,24.0,0.3,16.0,155.3,220.68,1.11,215.0,235.0,132.59,3.02,110.0,142.0,349.1,4.1,312.0,368.0,83.89,,,15.89,,,10.0,15.0,11.9,,,,39.731,2.779,0.827,2.059,39.731,NORMAL,,,,
2026-06-02,174.1,63.0,33.9,37.8,8.3,72.1,40.4,23.9,23.9,1.0,16.0,152.5,219.98,-0.7,215.0,235.0,130.34,-2.25,110.0,142.0,353.2,-2.9,312.0,368.0,83.73,,,15.63,,,10.0,15.0,14.1,,,,43.629,0.413,0.578,1.99,43.629,NORMAL,,,,
2026-06-03,169.5,59.3,34.4,38.6,8.5,74.6,38.6,23.7,23.7,0.1,12.0,149.0,219.97,,215.0,235.0,124.73,-5.61,110.0,142.0,350.3,-1.6,312.0,368.0,84.85,,,13.98,,,13.0,18.0,14.0,,,,42.187,0.055,0.632,1.971,42.187,ALERTA,,,,
2026-06-04,171.5,57.9,35.7,41.2,8.4,76.5,42.2,23.5,23.5,1.9,12.0,154.2,224.94,0.96,215.0,235.0,125.49,0.76,110.0,142.0,348.7,1.7,312.0,368.0,84.48,,,14.85,,,13.0,18.0,15.3,,,,47.764,0.032,1.142,2.071,47.764,ALERTA,,,,
2026-06-05,152.8,57.9,36.9,40.0,8.0,96.9,39.0,,,,,135.9,226.45,1.52,215.0,235.0,125.89,0.4,110.0,142.0,350.4,,312.0,368.0,,,,,,,15.0,18.0,16.5,,,,47.087,0.022,1.152,2.181,47.087,ALERTA,,,,
2026-06-06,143.6,54.1,33.9,37.7,7.8999999999999995,93.5,40.1,,,,,133.6,228.57,2.11,215.0,235.0,128.43,2.54,110.0,142.0,352.3,,312.0,368.0,,,,,,,14.0,18.0,16.0,,,,45.963,0.03,0.601,2.101,45.963,NORMAL,,,,
2026-06-07,161.8,56.7,31.9,38.1,8.700000000000001,75.3,39.4,19.4,19.4,1.0,11.0,145.2,228.14,-0.42,215.0,235.0,130.82,2.39,110.0,142.0,357.0,2.0,312.0,368.0,85.77,,,15.64,,,13.0,16.0,15.7,,,,42.043,0.039,0.381,2.002,42.043,NORMAL,,,,
2026-06-08,176.9,65.3,33.4,42.8,6.7,75.7,41.1,22.2,22.2,1.8,12.0,151.0,228.12,,215.0,235.0,130.31,-0.51,110.0,142.0,358.9,-7.4,312.0,368.0,78.98,,,14.72,,,12.0,14.0,14.5,,,,47.747,0.082,1.173,2.149,47.747,NORMAL,,,,
2026-06-09,177.6,68.2,33.9,40.8,6.5,75.7,40.6,23.3,23.3,1.3,17.0,156.6,221.34,0.06,215.0,235.0,127.53,-2.78,110.0,142.0,351.6,-2.7,312.0,368.0,79.09,,,14.58,,,7.0,16.0,11.7,,,,46.969,0.118,1.268,2.045,46.969,NORMAL,,,,
2026-06-10,173.6,67.2,33.0,38.5,6.0,73.2,39.6,23.6,23.6,1.1,17.0,153.5,218.91,-2.42,215.0,235.0,128.07,0.54,110.0,142.0,348.9,-1.9,312.0,368.0,83.27,,,15.52,,,9.0,15.0,12.4,,,,44.039,0.074,1.226,1.818,44.039,NORMAL,,,,
2026-06-11,167.5,64.5,32.5,34.8,5.6,73.8,38.0,22.9,22.9,0.5,17.0,151.7,222.99,4.08,215.0,235.0,127.44,-0.63,110.0,142.0,347.0,3.5,312.0,368.0,86.44,,,15.76,,,12.0,17.0,13.5,,,,42.165,0.688,1.159,1.892,42.165,NORMAL,,,,
2026-06-12,147.9,64.7,32.7,35.5,5.0,96.0,38.5,,,,,134.5,222.39,-0.6,215.0,235.0,128.28,0.84,110.0,142.0,350.4,,312.0,368.0,,,,,,,7.0,17.0,12.0,,,,40.402,1.112,0.507,1.927,40.402,NORMAL,,,,
2026-06-13,148.8,68.6,31.1,34.6,5.0,98.2,39.5,,,,,137.7,221.63,-0.76,215.0,235.0,129.31,1.03,110.0,142.0,350.7,,312.0,368.0,,,,,,,9.0,14.0,11.5,,,,40.925,0.065,0.77,1.91,40.925,NORMAL,,,,
2026-06-14,151.5,72.4,30.9,34.0,5.3,100.1,39.5,,,,,139.6,222.64,1.02,215.0,235.0,130.65,1.34,110.0,142.0,350.9,,312.0,368.0,,,,,,,3.0,10.0,6.5,,,,39.765,0.062,0.782,1.953,39.765,NORMAL,,,,
2026-06-15,172.0,75.7,29.9,34.3,5.8,75.9,40.4,23.7,23.7,1.0,17.0,157.0,224.59,1.94,215.0,235.0,131.48,0.83,110.0,142.0,353.3,2.8,312.0,368.0,84.99,,,14.74,,,2.0,15.0,6.4,,,,40.761,0.247,1.194,2.047,40.761,NORMAL,,,,
2026-06-16,181.5,73.7,31.9,38.0,7.7,74.8,39.2,23.6,23.6,1.0,18.0,155.6,222.54,-2.05,215.0,235.0,126.17,-5.31,110.0,142.0,356.1,-7.4,312.0,368.0,84.07,,,14.47,,,8.0,17.0,9.6,,,,43.168,2.398,1.111,1.969,43.168,ALERTA,,,,
2026-06-17,176.9,75.9,31.2,33.0,5.7,75.9,37.9,22.9,22.9,1.0,18.0,154.7,221.34,-1.2,215.0,235.0,123.51,-2.66,110.0,142.0,348.7,-3.9,312.0,368.0,82.01,,,14.28,,,7.0,14.0,12.8,,,,41.779,4.031,1.244,2.056,41.779,ALERTA,,,,
2026-06-18,173.0,77.5,31.9,32.1,5.300000000000001,76.0,37.8,22.3,22.3,1.2,15.0,151.1,219.56,-1.79,215.0,235.0,121.5,-2.01,110.0,142.0,344.8,-3.8,312.0,368.0,81.17,,,14.36,,,10.0,13.0,11.8,,,,38.645,6.372,1.283,1.91,38.645,ALERTA,,,,
2026-06-19,149.8,75.5,30.7,29.0,4.9,98.0,39.1,,,,,137.1,220.8,1.24,215.0,235.0,122.48,0.98,110.0,142.0,341.1,,312.0,368.0,,,,,,,8.0,15.0,11.5,,,,35.933,7.313,1.518,1.867,35.933,ALERTA,,,,
2026-06-20,146.2,71.2,29.4,29.7,6.4,98.4,40.7,,,,,139.1,225.5,4.7,215.0,235.0,126.49,4.01,110.0,142.0,343.3,,312.0,368.0,,,,,,,4.0,15.0,9.5,,,,34.905,5.063,0.579,1.931,34.905,ALERTA,,,,
2026-06-21,163.0,67.6,27.3,27.6,6.7,75.8,42.2,21.9,21.9,1.1,15.5,155.4,231.46,5.97,215.0,235.0,131.04,4.55,110.0,142.0,352.0,10.5,312.0,368.0,92.62,,,16.04,,,9.0,14.0,11.1,,,,32.431,5.86,0.535,1.868,32.431,NORMAL,,,,
2026-06-22,170.7,81.5,28.2,28.0,6.9,76.8,39.7,20.7,20.7,0.7,15.5,152.7,231.82,0.35,215.0,235.0,131.28,0.24,110.0,142.0,362.5,0.6,312.0,368.0,89.87,,,15.86,,,7.0,13.0,10.9,,,,34.9,11.664,1.508,1.994,34.9,NORMAL,,,,
2026-06-23,179.1,85.8,26.5,30.3,7.7,76.5,43.0,21.6,21.6,1.2,18.0,159.1,230.65,-1.17,215.0,235.0,131.53,0.25,110.0,142.0,363.1,-0.9,312.0,368.0,87.15,,,15.8,,,4.0,12.0,9.2,,,,36.165,14.114,1.847,1.816,36.165,NORMAL,,,,
2026-06-24,183.8,86.7,27.1,31.0,7.3,75.7,41.6,21.6,21.6,1.0,19.0,157.9,227.74,-3.29,215.0,235.0,127.86,-3.67,110.0,142.0,362.1,-6.6,312.0,368.0,84.81,,,13.95,,,4.0,12.0,8.5,,,,37.033,15.204,2.252,0.0,37.033,NORMAL,,,,
2026-06-25,178.9,84.2,28.2,31.1,7.1,76.1,41.6,22.1,22.1,1.0,20.1,159.9,226.8,-0.95,215.0,235.0,129.1,1.24,110.0,142.0,355.5,0.4,312.0,368.0,81.91,,,15.61,,,8.0,13.0,9.1,,,,38.285,13.673,2.111,0.0,38.285,NORMAL,,,,
2026-06-26,155.4,82.6,27.4,29.1,6.6,98.2,40.1,,,,,138.3,226.39,-0.4,215.0,235.0,129.78,0.68,110.0,142.0,355.9,,312.0,368.0,,,,,,,3.0,14.0,8.5,,,,,,,,,NORMAL,,,,
2026-06-27,151.1,76.9,26.8,30.9,7.0,97.7,40.8,,,,,138.5,229.98,3.58,215.0,235.0,132.56,2.78,110.0,142.0,356.2,,312.0,368.0,,,,,,,7.0,16.0,11.5,,,,,,,,,NORMAL,,,,
2026-06-28,167.2,74.9,27.6,28.2,7.4,75.0,39.9,22.0,22.0,0.5,19.0,156.0,236.38,6.4,215.0,235.0,132.97,0.41,110.0,142.0,362.6,6.8,312.0,368.0,90.8,,,16.05,,,8.0,13.0,13.0,,,,,,,,,NORMAL,,,,
2026-06-29,176.7,80.8,28.3,31.6,7.1,76.9,41.0,20.9,20.9,0.0,19.1,157.9,236.23,-0.15,215.0,235.0,132.79,-0.18,110.0,142.0,369.3,-0.3,312.0,368.0,89.64,,,15.89,,,5.0,14.0,9.9,,,,,,,,,NORMAL,,,,
2026-06-30,175.3,83.5,27.8,30.3,6.6,77.9,41.0,22.0,22.0,0.0,18.0,159.0,236.72,0.49,215.0,235.0,134.11,1.32,110.0,142.0,369.0,1.8,312.0,368.0,88.87,,,15.71,,,3.0,14.0,9.5,,,,,,,,,NORMAL,,,,
2026-07-01,181.9,88.7,27.2,30.5,6.4,76.7,41.2,21.8,21.8,0.8,17.0,156.7,229.92,-6.8,215.0,235.0,133.43,-0.68,110.0,142.0,370.8,-7.4,312.0,368.0,85.26,,,15.36,,,4.0,13.0,9.7,,,,,,,,,NORMAL,,,,
2026-07-02,188.8,94.8,27.9,32.4,5.6,75.7,40.7,22.7,22.7,1.9,20.0,159.2,223.0,-6.92,215.0,235.0,128.87,-4.56,110.0,142.0,363.4,-11.5,312.0,368.0,81.6,,,14.68,,,1.0,9.0,6.1,,,,,,,,,NORMAL,,,,
2026-07-03,166.3,94.1,26.1,30.6,6.0,98.8,39.4,,,,,138.2,221.08,-1.92,215.0,235.0,125.07,-3.8,110.0,142.0,351.9,,312.0,368.0,,,,,,,,,,,,,,,,,,ALERTA,,,,
2026-07-04,154.6,89.0,25.2,25.0,6.0,98.1,39.5,,,,,137.6,221.24,0.16,215.0,235.0,125.99,0.92,110.0,142.0,346.2,,312.0,368.0,,,,,,,0.0,11.0,5.5,,,,,,,,,ALERTA,,,,
2026-07-05,175.7,91.2,24.0,26.9,6.5,77.8,42.3,22.7,22.7,2.3,19.2,162.0,223.94,2.7,215.0,235.0,128.11,2.12,110.0,142.0,347.2,4.8,312.0,368.0,88.34,,,16.09,,,5.0,9.0,6.1,,,,,,,,,NORMAL,,,,
2026-07-06,178.9,92.6,26.6,24.0,6.1000000000000005,77.7,41.6,23.0,23.0,1.7,19.3,161.5,224.33,0.39,215.0,235.0,128.49,0.38,110.0,142.0,352.0,0.8,312.0,368.0,87.57,,,16.13,,,5.0,13.0,7.5,,,,,,,,,NORMAL,36.0,7.95,1.18,2.12
2026-07-07,175.3,85.1,27.0,27.8,5.800000000000001,76.4,42.0,23.0,23.0,1.2,19.9,161.2,224.34,,215.0,235.0,128.93,0.44,110.0,142.0,352.8,3.9,312.0,368.0,89.07,,,15.43,,,,,10.3,,,,,,,,,NORMAL,36.0,7.95,1.18,2.12
2026-07-08,157.8,85.6,26.5,30.3,6.0,98.7,40.5,,,,,139.2,231.46,3.7,215.0,235.0,129.8,0.87,110.0,142.0,356.7,,312.0,368.0,,,,,,,8.0,20.0,14.0,,,,,,,,,NORMAL,36.0,7.95,1.18,2.12
2026-07-09,151.6,73.8,27.0,33.9,7.4,97.5,40.6,,,,,138.1,229.92,-1.54,215.0,235.0,133.01,3.21,110.0,142.0,361.3,,312.0,368.0,,,,,,,8.0,17.0,12.5,,,,,,,,,NORMAL,36.0,7.95,1.18,2.12
2026-07-10,157.5,76.4,27.1,36.9,7.4,100.0,38.0,,,,,138.0,226.95,-2.97,215.0,235.0,128.4,-4.61,110.0,142.0,362.9,,312.0,368.0,,,,,,,10.0,13.0,11.5,,,,,,,,,NORMAL,36.0,7.95,1.18,2.12
2026-07-11,148.5,70.5,26.8,34.3,7.4,98.2,39.8,,,,,138.0,223.11,-3.83,215.0,235.0,124.76,-3.64,110.0,142.0,355.3,,312.0,368.0,,,,,,,7.0,15.0,11.0,,,,,,,,,ALERTA,36.0,7.95,1.18,2.12
2026-07-12,147.5,72.8,26.7,31.4,7.4,100.0,40.2,,,,,140.2,,,215.0,235.0,127.2,2.44,110.0,142.0,347.9,,312.0,368.0,,,,,,,7.0,13.0,10.0,,,,,,,,,NORMAL,36.0,7.95,1.18,2.12
2026-07-13,183.5,84.5,31.5,34.6,6.6,76.3,41.8,23.0,23.0,1.8,18.0,161.1,220.36,-3.75,215.0,235.0,127.13,-0.07,110.0,142.0,346.8,-3.9,312.0,368.0,76.9,,,14.17,,,4.0,14.0,7.7,,,,,,,,,NORMAL,38.5,5.719,0.885,2.212
2026-07-14,180.5,79.2,30.7,34.6,7.3,76.1,42.7,23.1,23.1,2.7,17.6,160.1,219.64,-0.72,215.0,235.0,126.03,-1.1,110.0,142.0,347.5,-1.8,312.0,368.0,82.95,,,14.55,,,8.0,16.0,11.9,,,,,,,,,ALERTA,38.5,5.719,0.885,2.212
2026-07-15,155.0,,31.0,,7.4,98.5,40.6,,,,,139.1,224.93,5.29,215.0,235.0,129.28,3.25,110.0,142.0,345.7,,312.0,368.0,,,,,,,11.0,17.0,14.0,,,,,,,,,NORMAL,38.5,5.719,0.885,2.212
2026-07-16,149.5,,31.1,,7.8,,,,,,,,,,215.0,235.0,134.44,5.16,110.0,142.0,354.7,,312.0,368.0,,,,,,,17.0,20.0,18.5,,,,,,,,,NORMAL,38.5,5.719,0.885,2.212
2026-07-17,,,,,,,,,,,,,,,215.0,235.0,,,110.0,142.0,,,312.0,368.0,,,,,,,,,,,,,,,,,,,38.5,5.719,0.885,2.212
2026-07-18,,,,,,,,,,,,,,,215.0,235.0,,,110.0,142.0,,,312.0,368.0,,,,,,,,,,,,,,,,,,,38.5,5.719,0.885,2.212
2026-07-19,,,,,,,,,,,,,,,215.0,235.0,,,110.0,142.0,,,312.0,368.0,,,,,,,,,,,,,,,,,,,38.5,5.719,0.885,2.212
